2025-10-18 23:38:24,22.69
2025-10-18 23:38:26,22.62
2025-10-18 23:38:28,22.69
2025-10-18 23:38:30,22.62
2025-10-18 23:38:33,22.69
2025-10-18 23:38:35,22.69
2025-10-18 23:38:37,22.69
2025-10-18 23:38:40,22.62
2025-10-18 23:38:42,22.69
2025-10-18 23:38:44,22.69
2025-10-18 23:38:47,22.69
2025-10-18 23:38:49,22.69
2025-10-18 23:38:51,22.69
2025-10-18 23:38:53,22.69
2025-10-18 23:38:56,22.69
2025-10-18 23:38:58,22.69
2025-10-18 23:39:00,22.69
2025-10-18 23:39:03,22.75
2025-10-18 23:39:05,22.69
2025-10-18 23:39:07,22.69
2025-10-18 23:39:10,22.69
2025-10-18 23:39:12,22.69
2025-10-18 23:39:14,22.69
2025-10-18 23:39:17,22.69
2025-10-18 23:39:19,22.69
2025-10-18 23:39:21,22.69
2025-10-18 23:39:23,22.69
2025-10-18 23:39:26,22.69
2025-10-18 23:39:28,22.69
2025-10-18 23:39:30,22.69
2025-10-18 23:39:33,22.69
2025-10-18 23:39:35,22.69
2025-10-18 23:39:37,22.69
2025-10-18 23:39:40,22.69
2025-10-18 23:39:42,22.69
2025-10-18 23:39:44,22.69
2025-10-18 23:39:46,21.44
2025-10-18 23:39:49,22.62
2025-10-18 23:39:51,22.69
2025-10-18 23:39:53,22.69
2025-10-18 23:39:56,22.69
2025-10-18 23:39:58,22.69
2025-10-18 23:40:00,22.69
2025-10-18 23:40:03,22.69
2025-10-18 23:40:05,22.69
2025-10-18 23:40:07,22.69
2025-10-18 23:40:10,22.69
2025-10-18 23:40:12,22.69
2025-10-18 23:40:14,22.69
2025-10-18 23:40:16,22.69
2025-10-18 23:40:19,22.69
2025-10-18 23:40:21,22.62
2025-10-18 23:40:23,22.69
2025-10-18 23:40:26,22.69
2025-10-18 23:40:28,22.69
2025-10-18 23:40:30,22.69
2025-10-18 23:40:33,22.69
2025-10-18 23:40:35,22.69
2025-10-18 23:40:37,22.69
2025-10-18 23:40:39,22.69
2025-10-18 23:40:42,22.69
2025-10-18 23:40:44,22.69
2025-10-18 23:40:46,22.69
2025-10-18 23:40:49,22.69
2025-10-18 23:40:51,22.69
2025-10-18 23:40:53,22.69
2025-10-18 23:40:56,22.69
2025-10-18 23:40:58,22.62
2025-10-18 23:41:00,22.69
2025-10-18 23:41:03,22.69
2025-10-18 23:41:05,22.69
2025-10-18 23:41:07,21.75
2025-10-18 23:41:09,22.69
2025-10-18 23:41:12,22.69
2025-10-18 23:41:14,22.50
2025-10-18 23:41:16,22.69
2025-10-18 23:41:19,22.69
2025-10-18 23:41:21,22.69
2025-10-18 23:41:23,22.69
2025-10-18 23:41:26,22.69
2025-10-18 23:41:28,22.62
2025-10-18 23:41:30,22.62
2025-10-18 23:41:32,22.62
2025-10-18 23:41:35,22.62
2025-10-18 23:41:37,22.62
2025-10-18 23:41:39,22.62
2025-10-18 23:41:42,22.62
2025-10-18 23:41:44,22.62
2025-10-18 23:41:46,22.62
2025-10-18 23:41:49,22.62
2025-10-18 23:41:51,22.62
2025-10-18 23:41:53,22.62
2025-10-18 23:41:56,22.69
2025-10-18 23:41:58,22.62
2025-10-18 23:42:00,22.62
2025-10-18 23:42:02,22.62
2025-10-18 23:42:05,22.62
2025-10-18 23:42:07,22.62
2025-10-18 23:42:09,22.69
2025-10-18 23:42:12,22.62
2025-10-18 23:42:14,22.62
2025-10-18 23:42:16,22.69
2025-10-18 23:42:19,22.69
2025-10-18 23:42:21,22.69
2025-10-18 23:42:23,22.69
2025-10-18 23:42:26,22.69
2025-10-18 23:42:28,22.69
2025-10-18 23:42:30,22.69
2025-10-18 23:42:32,22.69
2025-10-18 23:42:35,22.69
2025-10-18 23:42:37,22.62
2025-10-18 23:42:39,22.69
2025-10-18 23:42:42,22.69
2025-10-18 23:42:44,22.69
2025-10-18 23:42:46,22.62
2025-10-18 23:42:49,22.69
2025-10-18 23:42:51,22.69
2025-10-18 23:42:53,22.69
2025-10-18 23:42:55,22.69
2025-10-18 23:42:58,22.69
2025-10-18 23:43:00,22.69
2025-10-18 23:43:02,22.69
2025-10-18 23:43:05,22.69
2025-10-18 23:43:07,22.62
2025-10-18 23:43:09,22.69
2025-10-18 23:43:12,22.69
2025-10-18 23:43:14,22.69
2025-10-18 23:43:16,22.62
2025-10-18 23:43:19,22.69
2025-10-18 23:43:21,22.69
2025-10-18 23:43:23,22.62
2025-10-18 23:43:25,22.69
2025-10-18 23:43:28,22.69
2025-10-18 23:43:30,22.69
2025-10-18 23:43:32,22.69
2025-10-18 23:43:35,22.69
2025-10-18 23:43:37,22.69
2025-10-18 23:43:39,22.69
2025-10-18 23:43:42,22.69
2025-10-18 23:43:44,22.69
2025-10-18 23:43:46,22.69
2025-10-18 23:43:48,22.62
2025-10-18 23:43:51,22.62
2025-10-18 23:43:53,22.69
2025-10-18 23:43:55,22.69
2025-10-18 23:43:58,22.69
2025-10-18 23:44:00,22.69
2025-10-18 23:44:02,22.69
2025-10-18 23:44:05,22.69
2025-10-18 23:44:07,22.69
2025-10-18 23:44:09,22.69
2025-10-18 23:44:12,22.69
2025-10-18 23:44:14,22.62
2025-10-18 23:44:16,22.69
2025-10-18 23:44:18,22.69
2025-10-18 23:44:21,22.69
2025-10-18 23:44:23,22.69
2025-10-18 23:44:25,22.62
2025-10-18 23:44:28,22.69
2025-10-18 23:44:30,22.38
2025-10-18 23:44:32,22.62
2025-10-18 23:44:35,22.69
2025-10-18 23:44:37,23.06
2025-10-18 23:44:39,24.00
2025-10-18 23:44:41,24.88
2025-10-18 23:44:44,25.50
2025-10-18 23:44:46,26.00
2025-10-18 23:44:48,26.50
2025-10-18 23:44:51,26.69
2025-10-18 23:44:53,26.75
2025-10-18 23:44:55,26.75
2025-10-18 23:44:58,26.69
2025-10-18 23:45:00,26.62
2025-10-18 23:45:02,26.56
2025-10-18 23:45:05,26.44
2025-10-18 23:45:07,26.38
2025-10-18 23:45:09,26.25
2025-10-18 23:45:11,26.00
2025-10-18 23:45:14,26.12
2025-10-18 23:45:16,26.06
2025-10-18 23:45:18,26.00
2025-10-18 23:45:21,25.94
2025-10-18 23:45:23,25.88
2025-10-18 23:45:25,25.88
2025-10-18 23:45:28,25.75
2025-10-18 23:45:30,25.69
2025-10-18 23:45:32,25.62
2025-10-18 23:45:34,25.56
2025-10-18 23:45:37,25.56
2025-10-18 23:45:39,25.50
2025-10-18 23:45:41,25.44
2025-10-18 23:45:44,25.38
2025-10-18 23:45:46,25.25
2025-10-18 23:45:48,25.25
2025-10-18 23:45:51,25.19
2025-10-18 23:45:53,25.12
2025-10-18 23:45:55,25.06
2025-10-18 23:45:58,25.06
2025-10-18 23:46:00,25.00
2025-10-18 23:46:02,24.94
2025-10-18 23:46:04,24.94
2025-10-18 23:46:07,24.88
2025-10-18 23:46:09,24.81
2025-10-18 23:46:11,24.81
2025-10-18 23:46:14,24.75
2025-10-18 23:46:16,24.69
2025-10-18 23:46:18,24.69
2025-10-18 23:46:21,24.69
2025-10-18 23:46:23,24.56
2025-10-18 23:46:25,24.56
2025-10-18 23:46:27,24.56
2025-10-18 23:46:30,24.50
2025-10-18 23:46:32,24.50
2025-10-18 23:46:34,24.44
2025-10-18 23:46:37,24.38
2025-10-29 20:37:35,21.69
2025-10-29 20:37:38,21.69
2025-10-29 20:37:40,21.69
2025-10-29 20:37:42,21.69
2025-10-29 20:37:45,21.69
2025-10-29 20:37:47,21.69
2025-10-29 20:37:49,21.31
2025-10-29 20:37:52,21.75
2025-10-29 20:37:54,21.81
2025-10-29 20:37:56,22.19
2025-10-29 20:37:58,22.62
2025-10-29 20:38:01,23.06
2025-10-29 20:38:03,23.38
2025-10-29 20:38:05,23.62
2025-10-29 20:38:08,23.81
2025-10-29 20:38:10,23.88
2025-10-29 20:38:12,24.00
2025-10-29 20:38:15,24.06
2025-10-29 20:38:17,24.12
2025-10-29 20:38:19,24.12
2025-10-29 20:38:22,24.19
2025-10-29 20:38:24,24.19
2025-10-29 20:38:26,24.19
2025-10-29 20:38:28,24.19
2025-10-29 20:38:31,24.19
2025-10-29 20:38:33,24.19
2025-10-29 20:38:35,24.19
2025-10-29 20:38:38,24.19
2025-10-29 20:38:40,24.12
2025-10-29 20:38:42,24.12
2025-10-29 20:38:45,24.12
2025-10-29 20:38:47,24.12
2025-10-29 20:38:49,24.06
2025-10-29 20:38:51,24.06
2025-10-29 20:38:54,24.00
2025-10-29 20:38:56,24.00
2025-10-29 20:38:58,23.94
2025-10-29 20:39:01,23.94
2025-10-29 20:39:03,23.94
2025-10-29 20:39:05,23.88
2025-10-29 20:39:08,23.88
2025-10-29 20:39:10,23.88
2025-10-29 20:39:12,23.81
2025-10-29 20:39:14,23.81
2025-10-29 20:39:17,23.81
2025-10-29 20:39:19,23.75
2025-10-29 20:39:21,23.75
2025-10-29 20:39:24,23.75
2025-10-29 20:39:26,23.69
2025-10-29 20:39:28,23.69
2025-10-29 20:39:31,23.69
2025-10-29 20:39:33,23.69
2025-10-29 20:39:35,23.62
2025-10-29 20:39:38,23.62
2025-10-29 20:39:40,23.62
2025-10-29 20:39:42,23.56
2025-10-29 20:39:44,23.56
2025-10-29 20:39:47,23.56
2025-10-29 20:39:49,23.50
2025-10-29 20:39:51,23.50
2025-10-29 20:39:54,23.50
2025-10-29 20:39:56,23.44
2025-10-29 20:39:58,23.44
2025-10-29 20:40:01,23.44
2025-10-29 20:40:03,23.38
2025-10-29 20:40:05,23.38
2025-10-29 20:40:07,23.38
2025-10-29 20:40:10,23.31
2025-10-29 20:40:12,23.31
2025-10-29 20:40:14,23.31
2025-10-29 20:40:17,23.31
2025-10-29 20:40:19,23.25
2025-10-29 20:40:21,23.25
2025-10-29 20:40:24,23.25
2025-10-29 20:40:26,23.19
2025-10-29 20:40:28,23.19
2025-10-29 20:40:31,23.19
2025-10-29 20:40:33,23.19
2025-10-29 20:40:35,23.12
2025-10-29 20:40:37,23.12
2025-10-29 20:40:40,23.12
2025-10-29 20:40:42,23.06
2025-10-29 20:40:44,23.06
2025-10-29 20:40:47,23.06
2025-10-29 20:40:49,23.06
2025-10-29 20:40:51,23.00
2025-10-29 20:40:54,23.00
2025-10-29 20:40:56,23.00
2025-10-29 20:40:58,23.00
2025-10-29 20:41:00,23.00
2025-10-29 20:41:03,22.94
2025-10-29 20:41:05,23.00
2025-10-29 20:41:07,22.94
2025-10-29 20:41:10,22.94
2025-10-29 20:41:12,22.94
2025-10-29 20:41:14,22.88
2025-10-29 20:41:17,22.88
2025-10-29 20:41:19,22.88
2025-10-29 20:41:21,22.88
2025-10-29 20:41:24,22.81
2025-10-29 20:41:26,22.81
2025-10-29 20:41:28,22.81
2025-10-29 20:41:30,22.81
2025-10-29 20:41:33,22.81
2025-10-29 20:41:35,22.81
2025-10-29 20:41:37,22.75
2025-10-29 20:41:40,22.75
2025-10-29 20:41:42,22.75
2025-10-29 20:41:44,22.75
2025-10-29 20:41:47,22.75
2025-10-29 20:41:49,22.69
2025-10-29 20:41:51,22.69
2025-10-29 20:41:53,22.69
2025-10-29 20:41:56,22.69
2025-10-29 20:41:58,22.69
2025-10-29 20:42:00,22.62
2025-10-29 20:42:03,22.62
2025-10-29 20:42:05,22.62
2025-10-29 20:42:07,22.62
2025-10-29 20:42:10,22.62
2025-10-29 20:42:12,22.62
2025-10-29 20:42:14,22.62
2025-10-29 20:42:17,22.62
2025-10-29 20:42:19,22.56
2025-10-29 20:42:21,22.56
2025-10-29 20:42:23,22.56
2025-10-29 20:42:26,22.56
2025-10-29 20:42:28,22.56
2025-10-29 20:42:30,22.56
2025-10-29 20:42:33,22.56
2025-10-29 20:42:35,22.56
2025-10-29 20:42:37,22.50
2025-10-29 20:42:40,22.50
2025-10-29 20:42:42,22.50
2025-10-29 20:42:44,22.50
2025-10-29 20:42:46,22.50
2025-10-29 20:42:49,22.50
2025-10-29 20:42:51,22.50
2025-10-29 20:42:53,22.50
2025-10-29 20:42:56,22.50
2025-10-29 20:42:58,22.50
2025-10-29 20:43:00,22.44
2025-10-29 20:43:03,22.44
2025-10-29 20:43:05,22.44
2025-10-29 20:43:07,22.44
2025-10-29 20:43:10,22.50
2025-10-29 20:43:12,22.69
2025-10-29 20:43:14,23.06
2025-10-29 20:43:16,23.31
2025-10-29 20:43:19,23.44
2025-10-29 20:43:21,23.56
2025-10-29 20:43:23,23.69
2025-10-29 20:43:26,23.69
2025-10-29 20:43:28,23.69
2025-10-29 20:43:30,23.75
2025-10-29 20:43:33,23.81
2025-10-29 20:43:35,23.81
2025-10-29 20:43:37,23.81
2025-10-29 20:43:39,23.81
2025-10-29 20:43:42,23.81
2025-10-29 20:43:44,23.88
2025-10-29 20:43:46,23.88
2025-10-29 20:43:49,23.88
2025-10-29 20:43:51,23.88
2025-10-29 20:43:53,23.88
2025-10-29 20:43:56,23.94
2025-10-29 20:43:58,23.94
2025-10-29 20:44:00,23.94
2025-10-29 20:44:02,23.88
2025-10-29 20:44:05,23.88
2025-10-29 20:44:07,23.88
2025-10-29 20:44:09,23.88
2025-10-29 20:44:12,23.88
2025-10-29 20:44:14,23.88
2025-10-29 20:44:16,23.88
2025-10-29 20:44:19,23.81
2025-10-29 20:44:21,23.88
2025-10-29 20:44:23,23.81
2025-10-29 20:44:26,23.81
2025-10-29 20:44:28,23.81
2025-10-29 20:44:30,23.81
2025-10-29 20:44:32,23.81
2025-10-29 20:44:35,23.81
2025-10-29 20:44:37,23.75
2025-10-29 20:44:39,23.75
2025-10-29 20:44:42,23.75
2025-10-29 20:44:44,23.75
2025-10-29 20:44:46,23.69
2025-10-29 20:44:49,23.75
2025-10-29 20:44:51,23.75
2025-10-29 20:44:53,23.75
2025-10-29 20:44:55,23.69
2025-10-29 20:44:58,23.69
2025-10-29 20:45:00,23.69
2025-10-29 20:45:02,23.69
2025-10-29 20:45:05,23.69
2025-10-29 20:45:07,23.62
2025-10-29 20:45:09,23.62
2025-10-29 20:45:12,23.69
2025-10-29 20:45:14,23.62
2025-10-29 20:45:16,23.62
2025-10-29 20:45:19,23.62
2025-10-29 20:45:21,23.62
2025-10-29 20:45:23,23.56
2025-10-29 20:45:25,23.56
2025-10-29 20:45:28,23.56
2025-10-29 20:45:30,23.56
2025-10-29 20:45:32,23.50
2025-10-29 20:45:35,23.50
2025-10-29 20:45:37,23.50
2025-10-29 20:45:39,23.50
2025-10-29 20:45:42,23.50
2025-10-29 20:45:44,23.50
2025-10-29 20:45:46,23.44
2025-10-29 20:45:48,23.44
2025-10-29 20:45:51,23.44
2025-10-29 20:45:53,23.44
2025-10-29 20:45:55,23.44
2025-10-29 20:45:58,23.38
2025-10-29 20:46:00,23.38
2025-10-29 20:46:02,23.38
2025-10-29 20:46:05,23.38
2025-10-29 20:46:07,23.38
2025-10-29 20:46:09,23.38
2025-10-29 20:46:12,23.38
2025-10-29 20:46:14,23.31
2025-10-29 20:46:16,23.31
2025-10-29 20:46:18,23.31
2025-10-29 20:46:21,23.31
2025-10-29 20:46:23,23.25
2025-10-29 20:46:25,23.31
2025-10-29 20:46:28,23.25
2025-10-29 20:46:30,23.25
2025-10-29 20:46:32,23.25
2025-10-29 20:46:35,23.25
2025-10-29 20:46:37,23.25
2025-10-29 20:46:39,23.25
2025-10-29 20:46:42,23.19
2025-10-29 20:46:44,23.19
2025-10-29 20:46:46,23.19
2025-10-29 20:46:48,23.19
2025-10-29 20:46:51,23.19
2025-10-29 20:46:53,23.19
2025-10-29 20:46:55,23.12
2025-10-29 20:46:58,23.12
2025-10-29 20:47:00,23.12
2025-10-29 20:47:02,23.12
2025-10-29 20:47:05,23.12
2025-10-29 20:47:07,23.12
2025-10-29 20:47:09,23.12
2025-10-29 20:47:11,23.06
2025-10-29 20:47:14,23.06
2025-10-29 20:47:16,23.06
2025-10-29 20:47:18,23.06
2025-10-29 20:47:21,23.06
2025-10-29 20:47:23,23.00
2025-10-29 20:47:25,23.00
2025-10-29 20:47:28,23.00
2025-10-29 20:47:30,23.00
2025-10-29 20:47:32,23.00
2025-10-29 20:47:34,23.00
2025-10-29 20:47:37,22.94
2025-10-29 20:47:39,22.94
2025-10-29 20:47:41,22.94
2025-10-29 20:47:44,22.94
2025-10-29 20:47:46,22.94
2025-10-29 20:47:48,22.94
2025-10-29 20:47:51,22.94
2025-10-29 20:47:53,22.88
2025-10-29 20:47:55,22.88
2025-10-29 20:47:58,22.88
2025-10-29 20:48:00,22.88
2025-10-29 20:48:02,22.88
2025-10-29 20:48:04,22.81
2025-10-29 20:48:07,22.81
2025-10-29 20:48:09,22.81
2025-10-29 20:48:11,22.81
2025-10-29 20:48:14,22.81
2025-10-29 20:48:16,22.81
2025-10-29 20:48:18,22.75
2025-10-29 20:48:21,22.75
2025-10-29 20:48:23,22.75
2025-10-29 20:48:25,22.75
2025-10-29 20:48:27,22.75
2025-10-29 20:48:30,22.69
2025-10-29 20:48:32,22.75
2025-10-29 20:48:34,22.69
2025-10-29 20:48:37,22.69
2025-10-29 20:48:39,22.69
2025-10-29 20:48:41,22.69
2025-10-29 20:48:44,22.69
2025-10-29 20:48:46,22.69
2025-10-29 20:48:48,22.62
2025-10-29 20:48:51,22.69
2025-10-29 20:48:53,22.62
2025-10-29 20:48:55,22.62
2025-10-29 20:48:57,22.62
2025-10-29 20:49:00,22.62
2025-10-29 20:49:02,22.62
2025-10-29 20:49:04,22.62
2025-10-29 20:49:07,22.62
2025-10-29 20:49:09,22.56
2025-10-29 20:49:11,22.56
2025-10-29 20:49:14,22.56
2025-10-29 20:49:16,22.56
2025-10-29 20:49:18,22.56
2025-10-29 20:49:20,22.56
2025-10-29 20:49:23,22.56
2025-10-29 20:49:25,22.56
2025-10-29 20:49:27,22.56
2025-10-29 20:49:30,22.56
2025-10-29 20:49:32,22.56
2025-10-29 20:49:34,22.56
2025-10-29 20:49:37,22.50
2025-10-29 20:49:39,22.50
2025-10-29 20:49:41,22.50
2025-10-29 20:49:44,22.50
2025-10-29 20:49:46,22.50
2025-10-29 20:49:48,22.50
2025-10-29 20:49:50,22.50
2025-10-29 20:49:53,22.50
2025-10-29 20:49:55,22.50
2025-10-29 20:49:57,22.50
2025-10-29 20:50:00,22.50
2025-10-29 20:50:02,22.44
2025-10-29 20:50:04,22.44
2025-10-29 20:50:07,22.44
2025-10-29 20:50:09,22.44
2025-10-29 20:50:11,22.44
2025-10-29 20:50:13,22.44
2025-10-29 20:50:16,22.38
2025-10-29 20:50:18,22.44
2025-10-29 20:50:20,22.38
2025-10-29 20:50:23,22.38
2025-10-29 20:50:25,22.38
2025-10-29 20:50:27,22.38
2025-10-29 20:50:30,22.38
2025-10-29 20:50:32,22.31
2025-10-29 20:50:34,22.31
2025-10-29 20:50:37,22.38
2025-10-29 20:50:39,22.31
2025-10-29 20:50:41,22.31
2025-10-29 20:50:43,22.31
2025-10-29 20:50:46,22.31
2025-10-29 20:50:48,22.31
2025-10-29 20:50:50,22.31
2025-10-29 20:50:53,22.31
2025-10-29 20:50:55,22.31
2025-10-29 20:50:57,22.31
2025-10-29 20:51:00,22.25
2025-10-29 20:51:02,22.25
2025-10-29 20:51:04,22.25
2025-10-29 20:51:06,22.25
2025-10-29 20:51:09,22.25
2025-10-29 20:51:11,22.25
2025-10-29 20:51:13,22.25
2025-10-29 20:51:16,22.25
2025-10-29 20:51:18,22.25
2025-10-29 20:51:20,22.25
2025-10-29 20:51:23,22.25
2025-10-29 20:51:25,22.19
2025-10-29 20:51:27,22.19
2025-10-29 20:51:30,22.25
2025-10-29 20:51:32,22.19
2025-10-29 20:51:34,22.19
2025-10-29 20:51:36,22.19
2025-10-29 20:51:39,22.19
2025-10-29 20:51:41,22.19
2025-10-29 20:51:43,22.19
2025-10-29 20:51:46,22.19
2025-10-29 20:51:48,22.19
2025-10-29 20:51:50,22.12
2025-10-29 20:51:53,22.12
2025-10-29 20:51:55,22.12
2025-10-29 20:51:57,22.12
2025-10-29 20:51:59,22.12
2025-10-29 20:52:02,22.12
2025-10-29 20:52:04,22.12
2025-10-29 20:52:06,22.12
2025-10-29 20:52:09,22.12
2025-10-29 20:52:11,22.06
2025-10-29 20:52:13,22.12
2025-10-29 20:52:16,22.12
2025-10-29 20:52:18,22.06
2025-10-29 20:52:20,22.06
2025-10-29 20:52:23,22.06
2025-10-29 20:52:25,22.06
2025-10-29 20:52:27,22.06
2025-10-29 20:52:29,22.06
2025-10-29 20:52:32,22.06
2025-10-29 20:52:34,22.06
2025-10-29 20:52:36,22.06
2025-10-29 20:52:39,22.00
2025-10-29 20:52:41,22.00
2025-10-29 20:52:43,22.00
2025-10-29 20:52:46,22.00
2025-10-29 20:52:48,22.00
2025-10-29 20:52:50,22.00
2025-10-29 20:52:52,22.00
2025-10-29 20:52:55,22.00
2025-10-29 20:52:57,22.00
2025-10-29 20:52:59,22.00
2025-10-29 20:53:02,22.00
2025-10-29 20:53:04,22.00
2025-10-29 20:53:06,21.94
2025-10-29 20:53:09,22.00
2025-10-29 20:53:11,22.00
2025-10-29 20:53:13,22.00
2025-10-29 20:53:16,22.00
2025-10-29 20:53:18,22.00
2025-10-29 20:53:20,22.00
2025-10-29 20:53:22,21.94
2025-10-29 20:53:25,21.94
2025-10-29 20:53:27,21.94
2025-10-29 20:53:29,21.94
2025-10-29 20:53:32,21.94
2025-10-29 20:53:34,21.94
2025-10-29 20:53:36,21.94
2025-10-29 20:53:39,21.88
2025-10-29 20:53:41,21.94
2025-10-29 20:53:43,21.88
2025-10-29 20:53:45,21.94
2025-10-29 20:53:48,21.88
2025-10-29 20:53:50,21.88
2025-10-29 20:53:52,21.88
2025-10-29 20:53:55,21.88
2025-10-29 20:53:57,21.88
2025-10-29 20:53:59,21.88
2025-10-29 20:54:02,21.88
2025-10-29 20:54:04,21.88
2025-10-29 20:54:06,21.88
2025-10-29 20:54:09,21.88
2025-10-29 20:54:11,21.88
2025-10-29 20:54:13,21.88
2025-10-29 20:54:15,21.88
2025-10-29 20:54:18,21.88
2025-10-29 20:54:20,21.88
2025-10-29 20:54:22,21.88
2025-10-29 20:54:25,21.88
2025-10-29 20:54:27,21.88
2025-10-29 20:54:29,21.81
2025-10-29 20:54:32,21.81
2025-10-29 20:54:34,21.88
2025-10-29 20:54:36,21.81
2025-10-29 20:54:38,21.81
2025-10-29 20:54:41,21.81
2025-10-29 20:54:43,21.81
2025-10-29 20:54:45,21.75
2025-10-29 20:54:48,21.81
2025-10-29 20:54:50,21.81
2025-10-29 20:54:52,21.75
2025-10-29 20:54:55,21.75
2025-10-29 20:54:57,21.75
2025-10-29 20:54:59,21.75
2025-10-29 20:55:02,21.69
2025-10-29 20:55:04,21.75
2025-10-29 20:55:06,21.75
2025-10-29 20:55:08,21.69
2025-10-29 20:55:11,21.69
2025-10-29 20:55:13,21.75
2025-10-29 20:55:15,21.69
2025-10-29 20:55:18,21.69
2025-10-29 20:55:20,21.69
2025-10-29 20:55:22,21.69
2025-10-29 20:55:25,21.69
2025-10-29 20:55:27,21.69
2025-10-29 20:55:29,21.69
2025-10-29 20:55:31,21.69
2025-10-29 20:55:34,21.69
2025-10-29 20:55:36,21.69
2025-10-29 20:55:38,21.69
2025-10-29 20:55:41,21.69
2025-10-29 20:55:43,21.62
2025-10-29 20:55:45,21.69
2025-10-29 20:55:48,21.69
2025-10-29 20:55:50,21.69
2025-10-29 20:55:52,21.62
2025-10-29 20:55:54,21.62
2025-10-29 20:55:57,21.69
2025-10-29 20:55:59,21.69
2025-10-29 20:56:01,21.62
2025-10-29 20:56:04,21.62
2025-10-29 20:56:06,21.62
2025-10-29 20:56:08,21.62
2025-10-29 20:56:11,21.62
2025-10-29 20:56:13,21.62
2025-10-29 20:56:15,21.62
2025-10-29 20:56:18,21.62
2025-10-29 20:56:20,21.62
2025-10-29 20:56:22,21.62
2025-10-29 20:56:24,21.62
2025-10-29 20:56:27,21.62
2025-10-29 20:56:29,21.62
2025-10-29 20:56:31,21.62
2025-10-29 20:56:34,21.62
2025-10-29 20:56:36,21.62
2025-10-29 20:56:38,21.62
2025-10-29 20:56:41,21.62
2025-10-29 20:56:43,21.62
2025-10-29 20:56:45,21.62
2025-10-29 20:56:47,21.56
2025-10-29 20:56:50,21.62
2025-10-29 20:56:52,21.62
2025-10-29 20:56:54,21.62
2025-10-29 20:56:57,21.62
2025-10-29 20:56:59,21.56
2025-10-29 20:57:01,21.56
2025-10-29 20:57:04,21.56
2025-10-29 20:57:06,21.62
2025-10-29 20:57:08,21.56
2025-10-29 20:57:11,21.62
2025-10-29 20:57:13,21.56
2025-10-29 20:57:15,21.56
2025-10-29 20:57:17,21.56
2025-10-29 20:57:20,21.56
2025-10-29 20:57:22,21.56
2025-10-29 20:57:24,21.56
2025-10-29 20:57:27,21.56
2025-10-29 20:57:29,21.62
2025-10-29 20:57:31,22.00
2025-10-29 20:57:34,22.38
2025-10-29 20:57:36,22.62
2025-10-29 20:57:38,22.62
2025-10-29 20:57:40,22.62
2025-10-29 20:57:43,22.62
2025-10-29 20:57:45,22.56
2025-10-29 20:57:47,22.56
2025-10-29 20:57:50,22.56
2025-10-29 20:57:52,22.62
2025-10-29 20:57:54,22.62
2025-10-29 20:57:57,22.75
2025-10-29 20:57:59,22.75
2025-10-29 20:58:01,22.88
2025-10-29 20:58:04,22.88
2025-10-29 20:58:06,22.94
2025-10-29 20:58:08,23.00
2025-10-29 20:58:10,23.06
2025-10-29 20:58:13,23.12
2025-10-29 20:58:15,23.19
2025-10-29 20:58:17,23.25
2025-10-29 20:58:20,23.31
2025-10-29 20:58:22,23.38
2025-10-29 20:58:24,23.44
2025-10-29 20:58:27,23.44
2025-10-29 20:58:29,23.50
2025-10-29 20:58:31,23.56
2025-10-29 20:58:33,23.62
2025-10-29 20:58:36,23.62
2025-10-29 20:58:38,23.69
2025-10-29 20:58:40,23.75
2025-10-29 20:58:43,23.75
2025-10-29 20:58:45,23.81
2025-10-29 20:58:47,23.88
2025-10-29 20:58:50,23.88
2025-10-29 20:58:52,23.88
2025-10-29 20:58:54,23.88
2025-10-29 20:58:57,23.81
2025-10-29 20:58:59,23.75
2025-10-29 20:59:01,23.81
2025-10-29 20:59:03,23.75
2025-10-29 20:59:06,23.75
2025-10-29 20:59:08,23.81
2025-10-29 20:59:10,23.94
2025-10-29 20:59:13,23.94
2025-10-29 20:59:15,24.00
2025-10-29 20:59:17,24.00
2025-10-29 20:59:20,24.00
2025-10-29 20:59:22,24.00
2025-10-29 20:59:24,24.00
2025-10-29 20:59:26,24.00
2025-10-29 20:59:29,24.06
2025-10-29 20:59:31,24.06
2025-10-29 20:59:33,24.06
2025-10-29 20:59:36,24.06
2025-10-29 20:59:38,24.12
2025-10-29 20:59:40,24.06
2025-10-29 20:59:43,24.06
2025-10-29 20:59:45,24.06
2025-10-29 20:59:47,24.19
2025-10-29 20:59:50,24.19
2025-10-29 20:59:52,24.12
2025-10-29 20:59:54,24.19
2025-10-29 20:59:56,24.12
2025-10-29 20:59:59,24.12
2025-10-29 21:00:01,24.12
2025-10-29 21:00:03,24.06
2025-10-29 21:00:06,24.06
2025-10-29 21:00:08,24.00
2025-10-29 21:00:10,24.00
2025-10-29 21:00:13,23.94
2025-10-29 21:00:15,23.94
2025-10-29 21:00:17,23.94
2025-10-29 21:00:19,23.88
2025-10-29 21:00:22,23.94
2025-10-29 21:00:24,23.88
2025-10-29 21:00:26,23.88
2025-10-29 21:00:29,23.81
2025-10-29 21:00:31,23.81
2025-10-29 21:00:33,23.81
2025-10-29 21:00:36,23.75
2025-10-29 21:00:38,23.75
2025-10-29 21:00:40,23.75
2025-10-29 21:00:42,23.69
2025-10-29 21:00:45,23.69
2025-10-29 21:00:47,23.69
2025-10-29 21:00:49,23.69
2025-10-29 21:00:52,23.62
2025-10-29 21:00:54,23.62
2025-10-29 21:00:56,23.56
2025-10-29 21:00:59,23.56
2025-10-29 21:01:01,23.56
2025-10-29 21:01:03,23.50
2025-10-29 21:01:06,23.50
2025-10-29 21:01:08,23.38
2025-10-29 21:01:10,23.44
2025-10-29 21:01:12,23.44
2025-10-29 21:01:15,23.38
2025-10-29 21:01:17,23.38
2025-10-29 21:01:19,23.31
2025-10-29 21:01:22,23.31
2025-10-29 21:01:24,23.31
2025-10-29 21:01:26,23.31
2025-10-29 21:01:29,23.25
2025-10-29 21:01:31,23.25
2025-10-29 21:01:33,23.25
2025-10-29 21:01:35,23.25
2025-10-29 21:01:38,23.31
2025-10-29 21:01:40,23.31
2025-10-29 21:01:42,23.38
2025-10-29 21:01:45,23.44
2025-10-29 21:01:47,23.44
2025-10-29 21:01:49,23.50
2025-10-29 21:01:52,23.56
2025-10-29 21:01:54,23.56
2025-10-29 21:01:56,23.62
2025-10-29 21:01:59,23.62
2025-10-29 21:02:01,23.69
2025-10-29 21:02:03,23.75
2025-10-29 21:02:05,23.75
2025-10-29 21:02:08,23.81
2025-10-29 21:02:10,23.88
2025-10-29 21:02:12,23.88
2025-10-29 21:02:15,23.94
2025-10-29 21:02:17,23.94
2025-10-29 21:02:19,23.94
2025-10-29 21:02:22,24.00
2025-10-29 21:02:24,24.00
2025-10-29 21:02:26,24.00
2025-10-29 21:02:28,24.00
2025-10-29 21:02:31,24.00
2025-10-29 21:02:33,23.94
2025-10-29 21:02:35,23.88
2025-10-29 21:02:38,23.88
2025-10-29 21:02:40,23.81
2025-10-29 21:02:42,23.81
2025-10-29 21:02:45,23.81
2025-10-29 21:02:47,23.75
2025-10-29 21:02:49,23.81
2025-10-29 21:02:52,23.88
2025-10-29 21:02:54,23.88
2025-10-29 21:02:56,23.81
2025-10-29 21:02:58,23.88
2025-10-29 21:03:01,23.88
2025-10-29 21:03:03,23.88
2025-10-29 21:03:05,23.94
2025-10-29 21:03:08,23.94
2025-10-29 21:03:10,24.00
2025-10-29 21:03:12,24.00
2025-10-29 21:03:15,24.06
2025-10-29 21:03:17,24.06
2025-10-29 21:03:19,24.12
2025-10-29 21:03:21,24.12
2025-10-29 21:03:24,24.19
2025-10-29 21:03:26,24.19
2025-10-29 21:03:28,24.25
2025-10-29 21:03:31,24.31
2025-10-29 21:03:33,24.31
2025-10-29 21:03:35,24.38
2025-10-29 21:03:38,24.38
2025-10-29 21:03:40,24.38
2025-10-29 21:03:42,24.44
2025-10-29 21:03:45,24.44
2025-10-29 21:03:47,24.44
2025-10-29 21:03:49,24.50
2025-10-29 21:03:51,24.50
2025-10-29 21:03:54,24.50
2025-10-29 21:03:56,24.56
2025-10-29 21:03:58,24.56
2025-10-29 21:04:01,24.62
2025-10-29 21:04:03,24.62
2025-10-29 21:04:05,24.62
2025-10-29 21:04:08,24.69
2025-10-29 21:04:10,24.69
2025-10-29 21:04:12,24.69
2025-10-29 21:04:14,24.75
2025-10-29 21:04:17,24.75
2025-10-29 21:04:19,24.75
2025-10-29 21:04:21,24.81
2025-10-29 21:04:24,24.81
2025-10-29 21:04:26,24.81
2025-10-29 21:04:28,24.81
2025-10-29 21:04:31,24.88
2025-10-29 21:04:33,24.94
2025-10-29 21:04:35,24.94
2025-10-29 21:04:38,24.94
2025-10-29 21:04:40,24.94
2025-10-29 21:04:42,25.00
2025-10-29 21:04:44,25.00
2025-10-29 21:04:47,25.00
2025-10-29 21:04:49,25.00
2025-10-29 21:04:51,25.06
2025-10-29 21:04:54,25.06
2025-10-29 21:04:56,25.06
2025-10-29 21:04:58,25.12
2025-10-29 21:05:01,25.12
2025-10-29 21:05:03,25.19
2025-10-29 21:05:05,25.19
2025-10-29 21:05:07,25.19
2025-10-29 21:05:10,25.19
2025-10-29 21:05:12,25.19
2025-10-29 21:05:14,25.19
2025-10-29 21:05:17,25.12
2025-10-29 21:05:19,25.12
2025-10-29 21:05:21,25.06
2025-10-29 21:05:24,25.00
2025-10-29 21:05:26,25.00
2025-10-29 21:05:28,24.94
2025-10-29 21:05:30,24.88
2025-10-29 21:05:33,24.81
2025-10-29 21:05:35,24.75
2025-10-29 21:05:37,24.75
2025-10-29 21:05:40,24.69
2025-10-29 21:05:42,24.69
2025-10-29 21:05:44,24.62
2025-10-29 21:05:47,24.62
2025-10-29 21:05:49,24.56
2025-10-29 21:05:51,24.56
2025-10-29 21:05:54,24.50
2025-10-29 21:05:56,24.44
2025-10-29 21:05:58,24.44
2025-10-29 21:06:00,24.38
2025-10-29 21:06:03,24.38
2025-10-29 21:06:05,24.38
2025-10-29 21:06:07,24.31
2025-10-29 21:06:10,24.31
2025-10-29 21:06:12,24.25
2025-10-29 21:06:14,24.25
2025-10-29 21:06:17,24.19
2025-10-29 21:06:19,24.19
2025-10-29 21:06:21,24.12
2025-10-29 21:06:23,24.12
2025-10-29 21:06:26,24.06
2025-10-29 21:06:28,24.06
2025-10-29 21:06:30,24.06
2025-10-29 21:06:33,24.00
2025-10-29 21:06:35,23.94
2025-10-29 21:06:37,23.94
2025-10-29 21:06:40,23.88
2025-10-29 21:06:42,23.88
2025-10-29 21:06:44,23.88
2025-10-29 21:06:47,23.88
2025-10-29 21:06:49,23.81
2025-10-29 21:06:51,23.81
2025-10-29 21:06:53,23.81
2025-10-29 21:06:56,23.75
2025-10-29 21:06:58,23.75
2025-10-29 21:07:00,23.69
2025-10-29 21:07:03,23.69
2025-10-29 21:07:05,23.69
2025-10-29 21:07:07,23.62
2025-10-29 21:07:10,23.62
2025-10-29 21:07:12,23.62
2025-10-29 21:07:14,23.56
2025-10-29 21:07:16,23.56
2025-10-29 21:07:19,23.50
2025-10-29 21:07:21,23.50
2025-10-29 21:07:23,23.50
2025-10-29 21:07:26,23.44
2025-10-29 21:07:28,23.44
2025-10-29 21:07:30,23.44
2025-10-29 21:07:33,23.38
2025-10-29 21:07:35,23.38
2025-10-29 21:07:37,23.38
2025-10-29 21:07:40,23.38
2025-10-29 21:07:42,23.31
2025-10-29 21:07:44,23.31
2025-10-29 21:07:46,23.31
2025-10-29 21:07:49,23.25
2025-10-29 21:07:51,23.25
2025-10-29 21:07:53,23.25
2025-10-29 21:07:56,23.25
2025-10-29 21:07:58,23.25
2025-10-29 21:08:00,23.19
2025-10-29 21:08:03,23.19
2025-10-29 21:08:05,23.19
2025-10-29 21:08:07,23.12
2025-10-29 21:08:09,23.12
2025-10-29 21:08:12,23.12
2025-10-29 21:08:14,23.12
2025-10-29 21:08:16,23.12
2025-10-29 21:08:19,23.12
2025-10-29 21:08:21,23.06
2025-10-29 21:08:23,23.06
2025-10-29 21:08:26,23.06
2025-10-29 21:08:28,23.06
2025-10-29 21:08:30,23.00
2025-10-29 21:08:33,23.00
2025-10-29 21:08:35,23.00
2025-10-29 21:08:37,22.94
2025-10-29 21:08:39,22.94
2025-10-29 21:08:42,22.94
2025-10-29 21:08:44,22.94
2025-10-29 21:08:46,22.88
2025-10-29 21:08:49,22.94
2025-10-29 21:08:51,22.88
2025-10-29 21:08:53,22.88
2025-10-29 21:08:56,22.88
2025-10-29 21:08:58,22.88
2025-10-29 21:09:00,22.81
2025-10-29 21:09:02,22.88
2025-10-29 21:09:05,22.81
2025-10-29 21:09:07,22.81
2025-10-29 21:09:09,22.81
2025-10-29 21:09:12,22.81
2025-10-29 21:09:14,22.81
2025-10-29 21:09:16,22.81
2025-10-29 21:09:19,22.75
2025-10-29 21:09:21,22.75
2025-10-29 21:09:23,22.75
2025-10-29 21:09:26,22.75
2025-10-29 21:09:28,22.75
2025-10-29 21:09:30,22.69
2025-10-29 21:09:32,22.75
2025-10-29 21:09:35,22.69
2025-10-29 21:09:37,22.69
2025-10-29 21:09:39,22.69
2025-10-29 21:09:42,22.69
2025-10-29 21:09:44,22.69
2025-10-29 21:09:46,22.62
2025-10-29 21:09:49,22.62
2025-10-29 21:09:51,21.38
2025-10-29 21:09:53,22.62
2025-10-29 21:09:55,22.69
2025-10-29 21:09:58,22.88
2025-10-29 21:10:00,23.06
2025-10-29 21:10:02,23.44
2025-10-29 21:10:05,23.94
2025-10-29 21:10:07,24.44
2025-10-29 21:10:09,24.88
2025-10-29 21:10:12,25.31
2025-10-29 21:10:14,25.56
2025-10-29 21:10:16,25.81
2025-10-29 21:10:18,25.94
2025-10-29 21:10:21,26.06
2025-10-29 21:10:23,26.06
2025-10-29 21:10:25,26.12
2025-10-29 21:10:28,26.19
2025-10-29 21:10:30,26.12
2025-10-29 21:10:32,26.06
2025-10-29 21:10:35,26.06
2025-10-29 21:10:37,26.06
2025-10-29 21:10:39,26.00
2025-10-29 21:10:42,26.00
2025-10-29 21:10:44,25.94
2025-10-29 21:10:46,25.94
2025-10-29 21:10:48,25.94
2025-10-29 21:10:51,25.88
2025-10-29 21:10:53,25.88
2025-10-29 21:10:55,25.81
2025-10-29 21:10:58,25.81
2025-10-29 21:11:00,25.75
2025-10-29 21:11:02,25.75
2025-10-29 21:11:05,25.75
2025-10-29 21:11:07,25.81
2025-10-29 21:11:09,25.88
2025-10-29 21:11:11,25.88
2025-10-29 21:11:14,25.81
2025-10-29 21:11:16,25.81
2025-10-29 21:11:18,25.81
2025-10-29 21:11:21,25.75
2025-10-29 21:11:23,25.75
2025-10-29 21:11:25,25.69
2025-10-29 21:11:28,25.69
2025-10-29 21:11:30,25.62
2025-10-29 21:11:32,25.62
2025-10-29 21:11:35,25.62
2025-10-29 21:11:37,25.94
2025-10-29 21:11:39,26.38
2025-10-29 21:11:41,26.62
2025-10-29 21:11:44,26.88
2025-10-29 21:11:46,26.88
2025-10-29 21:11:48,26.88
2025-10-29 21:11:51,26.94
2025-10-29 21:11:53,27.19
2025-10-29 21:11:55,27.31
2025-10-29 21:11:58,27.50
2025-10-29 21:12:00,27.50
2025-10-29 21:12:02,27.50
2025-10-29 21:12:04,27.44
2025-10-29 21:12:07,27.38
2025-10-29 21:12:09,27.31
2025-10-29 21:12:11,27.25
2025-10-29 21:12:14,27.19
2025-10-29 21:12:16,27.12
2025-10-29 21:12:18,27.06
2025-10-29 21:12:21,27.06
2025-10-29 21:12:23,27.00
2025-10-29 21:12:25,26.94
2025-10-29 21:12:28,26.88
2025-10-29 21:12:30,26.81
2025-10-29 21:12:32,26.75
2025-10-29 21:12:34,26.75
2025-10-29 21:12:37,26.69
2025-10-29 21:12:39,26.62
2025-10-29 21:12:41,26.56
2025-10-29 21:12:44,26.50
2025-10-29 21:12:46,26.50
2025-10-29 21:12:48,26.44
2025-10-29 21:12:51,26.38
2025-10-29 21:12:53,26.31
2025-10-29 21:12:55,26.25
2025-10-29 21:12:57,26.25
2025-10-29 21:13:00,26.19
2025-10-29 21:13:02,26.12
2025-10-29 21:13:04,26.06
2025-10-29 21:13:07,26.06
2025-10-29 21:13:09,26.00
2025-10-29 21:13:11,25.94
2025-10-29 21:13:14,25.94
2025-10-29 21:13:16,25.88
2025-10-29 21:13:18,25.81
2025-10-29 21:13:21,25.81
2025-10-29 21:13:23,25.75
2025-10-29 21:13:25,25.69
2025-10-29 21:13:27,25.69
2025-10-29 21:13:30,25.62
2025-10-29 21:13:32,25.56
2025-10-29 21:13:34,25.56
2025-10-29 21:13:37,25.50
2025-10-29 21:13:39,25.50
2025-10-29 21:13:41,25.44
2025-10-29 21:13:44,25.44
2025-10-29 21:13:46,25.38
2025-10-29 21:13:48,25.38
2025-10-29 21:13:50,25.31
2025-10-29 21:13:53,25.25
2025-10-29 21:13:55,25.25
2025-10-29 21:13:57,25.19
2025-10-29 21:14:00,25.19
2025-10-29 21:14:02,25.12
2025-10-29 21:14:04,25.12
2025-10-29 21:14:07,25.06
2025-10-29 21:14:09,25.06
2025-10-29 21:14:11,25.00
2025-10-29 21:14:14,24.94
2025-10-29 21:14:16,25.00
2025-10-29 21:14:18,24.88
2025-10-29 21:14:20,24.88
2025-10-29 21:14:23,24.88
2025-10-29 21:14:25,24.81
2025-10-29 21:14:27,24.81
2025-10-29 21:14:30,24.75
2025-10-29 21:14:32,24.75
2025-10-29 21:14:34,24.69
2025-10-29 21:14:37,24.69
2025-10-29 21:14:39,24.62
2025-10-29 21:14:41,24.62
2025-10-29 21:14:43,24.62
2025-10-29 21:14:46,24.56
2025-10-29 21:14:48,24.50
2025-10-29 21:14:50,24.50
2025-10-29 21:14:53,24.50
2025-10-29 21:14:55,24.44
2025-10-29 21:14:57,24.44
2025-10-29 21:15:00,24.44
2025-10-29 21:15:02,24.38
2025-10-29 21:15:04,24.38
2025-10-29 21:15:06,24.38
2025-10-29 21:15:09,24.31
2025-10-29 21:15:11,24.31
2025-10-29 21:15:13,24.25
2025-10-29 21:15:16,24.25
2025-10-29 21:15:18,24.19
2025-10-29 21:15:20,24.19
2025-10-29 21:15:23,24.19
2025-10-29 21:15:25,24.19
2025-10-29 21:15:27,24.19
2025-10-29 21:15:30,24.12
2025-10-29 21:15:32,24.06
2025-10-29 21:15:34,24.06
2025-10-29 21:15:36,24.06
2025-10-29 21:15:39,24.06
2025-10-29 21:15:41,24.00
2025-10-29 21:15:43,24.00
2025-10-29 21:15:46,23.94
2025-10-29 21:15:48,23.94
2025-10-29 21:15:50,23.94
2025-10-29 21:15:53,23.94
2025-10-29 21:15:55,23.94
2025-10-29 21:15:57,23.88
2025-10-29 21:15:59,23.88
2025-10-29 21:16:02,23.81
2025-10-29 21:16:04,23.81
2025-10-29 21:16:06,23.81
2025-10-29 21:16:09,23.81
2025-10-29 21:16:11,23.81
2025-10-29 21:16:13,23.75
2025-10-29 21:16:16,23.75
2025-10-29 21:16:18,23.75
2025-10-29 21:16:20,23.69
2025-10-29 21:16:23,23.69
2025-10-29 21:16:25,23.69
2025-10-29 21:16:27,23.69
2025-10-29 21:16:29,23.69
2025-10-29 21:16:32,23.62
2025-10-29 21:16:34,23.62
2025-10-29 21:16:36,23.62
2025-10-29 21:16:39,23.56
2025-10-29 21:16:41,23.56
2025-10-29 21:16:43,23.56
2025-10-29 21:16:46,23.56
2025-10-29 21:16:48,23.56
2025-10-29 21:16:50,23.50
2025-10-29 21:16:52,23.50
2025-10-29 21:16:55,23.50
2025-10-29 21:16:57,23.44
2025-10-29 21:16:59,23.44
2025-10-29 21:17:02,23.44
2025-10-29 21:17:04,23.44
2025-10-29 21:17:06,23.38
2025-10-29 21:17:09,23.44
2025-10-29 21:17:11,23.38
2025-10-29 21:17:13,23.38
2025-10-29 21:17:16,23.38
2025-10-29 21:17:18,23.31
2025-10-29 21:17:20,23.31
2025-10-29 21:17:22,23.31
2025-10-29 21:17:25,23.31
2025-10-29 21:17:27,23.31
2025-10-29 21:17:29,23.31
2025-10-29 21:17:32,23.25
2025-10-29 21:17:34,23.25
2025-10-29 21:17:36,23.25
2025-10-29 21:17:39,23.25
2025-10-29 21:17:41,23.19
2025-10-29 21:17:43,23.25
2025-10-29 21:17:45,23.19
2025-10-29 21:17:48,23.19
2025-10-29 21:17:50,23.19
2025-10-29 21:17:52,23.19
2025-10-29 21:17:55,23.12
2025-10-29 21:17:57,23.12
2025-10-29 21:17:59,23.12
2025-10-29 21:18:02,23.12
2025-10-29 21:18:04,23.12
2025-10-29 21:18:06,23.12
2025-10-29 21:18:09,23.12
2025-10-29 21:18:11,23.06
2025-10-29 21:18:13,23.06
2025-10-29 21:18:15,23.06
2025-10-29 21:18:18,23.06
2025-10-29 21:18:20,23.06
2025-10-29 21:18:22,23.00
2025-10-29 21:18:25,23.06
2025-10-29 21:18:27,23.00
2025-10-29 21:18:29,23.00
2025-10-29 21:18:32,23.00
2025-10-29 21:18:34,23.00
2025-10-29 21:18:36,23.00
2025-10-29 21:18:38,22.94
2025-10-29 21:18:41,23.00
2025-10-29 21:18:43,23.00
2025-10-29 21:18:45,22.94
2025-10-29 21:18:48,22.94
2025-10-29 21:18:50,22.94
2025-10-29 21:18:52,22.94
2025-10-29 21:18:55,22.88
2025-10-29 21:18:57,22.88
2025-10-29 21:18:59,22.88
2025-10-29 21:19:02,22.88
2025-10-29 21:19:04,22.88
2025-10-29 21:19:06,22.88
2025-10-29 21:19:08,22.88
2025-10-29 21:19:11,22.81
2025-10-29 21:19:13,22.81
2025-10-29 21:19:15,22.81
2025-10-29 21:19:18,22.81
2025-10-29 21:19:20,22.81
2025-10-29 21:19:22,22.81
2025-10-29 21:19:25,22.81
2025-10-29 21:19:27,22.75
2025-10-29 21:19:29,22.75
2025-10-29 21:19:31,22.75
2025-10-29 21:19:34,22.75
2025-10-29 21:19:36,22.75
2025-10-29 21:19:38,22.75
2025-10-29 21:19:41,22.69
2025-10-29 21:19:43,22.75
2025-10-29 21:19:45,22.69
2025-10-29 21:19:48,22.69
2025-10-29 21:19:50,22.69
2025-10-29 21:19:52,22.69
2025-10-29 21:19:54,22.69
2025-10-29 21:19:57,22.62
2025-10-29 21:19:59,22.62
2025-10-29 21:20:01,22.69
2025-10-29 21:20:04,22.62
2025-10-29 21:20:06,22.62
2025-10-29 21:20:08,22.62
2025-10-29 21:20:11,22.62
2025-10-29 21:20:13,22.62
2025-10-29 21:20:15,22.62
2025-10-29 21:20:18,22.62
2025-10-29 21:20:20,22.56
2025-10-29 21:20:22,22.56
2025-10-29 21:20:24,22.56
2025-10-29 21:20:27,22.56
2025-10-29 21:20:29,22.56
2025-10-29 21:20:31,22.56
2025-10-29 21:20:34,22.50
2025-10-29 21:20:36,22.56
2025-10-29 21:20:38,22.50
2025-10-29 21:20:41,22.50
2025-10-29 21:20:43,22.50
2025-10-29 21:20:45,22.50
2025-10-29 21:20:47,22.50
2025-10-29 21:20:50,22.50
2025-10-29 21:20:52,22.50
2025-10-29 21:20:54,22.50
2025-10-29 21:20:57,22.44
2025-10-29 21:20:59,22.44
2025-10-29 21:21:01,22.44
2025-10-29 21:21:04,22.44
2025-10-29 21:21:06,22.44
2025-10-29 21:21:08,22.44
2025-10-29 21:21:11,22.44
2025-10-29 21:21:13,22.44
2025-10-29 21:21:15,22.38
2025-10-29 21:21:17,22.44
2025-10-29 21:21:20,22.38
2025-10-29 21:21:22,22.38
2025-10-29 21:21:24,22.38
2025-10-29 21:21:27,22.38
2025-10-29 21:21:29,22.38
2025-10-29 21:21:31,22.38
2025-10-29 21:21:34,22.38
2025-10-29 21:21:36,22.38
2025-10-29 21:21:38,22.38
2025-10-29 21:21:40,22.38
2025-10-29 21:21:43,22.31
2025-10-29 21:21:45,22.38
2025-10-29 21:21:47,22.31
2025-10-29 21:21:50,22.31
2025-10-29 21:21:52,22.31
2025-10-29 21:21:54,22.31
2025-10-29 21:21:57,22.31
2025-10-29 21:21:59,22.31
2025-10-29 21:22:01,22.31
2025-10-29 21:22:04,22.31
2025-10-29 21:22:06,22.31
2025-10-29 21:22:08,22.31
2025-10-29 21:22:10,22.25
2025-10-29 21:22:13,22.25
2025-10-29 21:22:15,22.25
2025-10-29 21:22:17,22.31
2025-10-29 21:22:20,22.31
2025-10-29 21:22:22,22.31
2025-10-29 21:22:24,22.25
2025-10-29 21:22:27,22.25
2025-10-29 21:22:29,22.25
2025-10-29 21:22:31,22.25
2025-10-29 21:22:33,22.25
2025-10-29 21:22:36,22.25
2025-10-29 21:22:38,22.25
2025-10-29 21:22:40,22.19
2025-10-29 21:22:43,22.25
2025-10-29 21:22:45,22.19
2025-10-29 21:22:47,22.25
2025-10-29 21:22:50,22.19
2025-10-29 21:22:52,22.19
2025-10-29 21:22:54,22.19
2025-10-29 21:22:57,22.19
2025-10-29 21:22:59,22.19
2025-10-29 21:23:01,22.19
2025-10-29 21:23:03,22.12
2025-10-29 21:23:06,22.19
2025-10-29 21:23:08,22.19
2025-10-29 21:23:10,22.12
2025-10-29 21:23:13,22.12
2025-10-29 21:23:15,22.19
2025-10-29 21:23:17,22.12
2025-10-29 21:23:20,22.12
2025-10-29 21:23:22,22.12
2025-10-29 21:23:24,22.12
2025-10-29 21:23:26,22.12
2025-10-29 21:23:29,22.12
2025-10-29 21:23:31,22.12
2025-10-29 21:23:33,22.12
2025-10-29 21:23:36,22.12
2025-10-29 21:23:38,22.12
2025-10-29 21:23:40,22.06
2025-10-29 21:23:43,22.06
2025-10-29 21:23:45,22.12
2025-10-29 21:23:47,22.06
2025-10-29 21:23:50,22.06
2025-10-29 21:23:52,22.06
2025-10-29 21:23:54,22.06
2025-10-29 21:23:56,22.06
2025-10-29 21:23:59,22.06
2025-10-29 21:24:01,22.06
2025-10-29 21:24:03,22.06
2025-10-29 21:24:06,22.06
2025-10-29 21:24:08,22.06
2025-10-29 21:24:10,22.00
2025-10-29 21:24:13,22.00
2025-10-29 21:24:15,22.06
2025-10-29 21:24:17,22.00
2025-10-29 21:24:19,22.00
2025-10-29 21:24:22,22.00
2025-10-29 21:24:24,22.00
2025-10-29 21:24:26,22.00
2025-10-29 21:24:29,22.00
2025-10-29 21:24:31,22.00
2025-10-29 21:24:33,21.94
2025-10-29 21:24:36,22.00
2025-10-29 21:24:38,22.00
2025-10-29 21:24:40,22.00
2025-10-29 21:24:42,22.00
2025-10-29 21:24:45,22.00
2025-10-29 21:24:47,22.00
2025-10-29 21:24:49,21.94
2025-10-29 21:24:52,21.94
2025-10-29 21:24:54,21.94
2025-10-29 21:24:56,21.94
2025-10-29 21:24:59,21.94
2025-10-29 21:25:01,21.94
2025-10-29 21:25:03,21.94
2025-10-29 21:25:06,21.94
2025-10-29 21:25:08,21.88
2025-10-29 21:25:10,21.94
2025-10-29 21:25:12,21.94
2025-10-29 21:25:15,21.94
2025-10-29 21:25:17,21.88
2025-10-29 21:25:19,21.94
2025-10-29 21:25:22,21.88
2025-10-29 21:25:24,21.88
2025-10-29 21:25:26,21.88
2025-10-29 21:25:29,21.88
2025-10-29 21:25:31,21.88
2025-10-29 21:25:33,21.88
2025-10-29 21:25:35,21.88
2025-10-29 21:25:38,21.88
2025-10-29 21:25:40,21.88
2025-10-29 21:25:42,21.88
2025-10-29 21:25:45,21.88
2025-10-29 21:25:47,21.88
2025-10-29 21:25:49,21.88
2025-10-29 21:25:52,21.88
2025-10-29 21:25:54,21.88
2025-10-29 21:25:56,21.81
2025-10-29 21:25:59,21.88
2025-10-29 21:26:01,21.88
2025-10-29 21:26:03,21.81
2025-10-29 21:26:05,21.81
2025-10-29 21:26:08,21.81
2025-10-29 21:26:10,21.81
2025-10-29 21:26:12,21.81
2025-10-29 21:26:15,21.81
2025-10-29 21:26:17,21.81
2025-10-29 21:26:19,21.81
2025-10-29 21:26:22,21.81
2025-10-29 21:26:24,21.81
2025-10-29 21:26:26,21.81
2025-10-29 21:26:28,21.81
2025-10-29 21:26:31,21.81
2025-10-29 21:26:33,21.81
2025-10-29 21:26:35,21.81
2025-10-29 21:26:38,21.81
2025-10-29 21:26:40,21.81
2025-10-29 21:26:42,21.75
2025-10-29 21:26:45,21.75
2025-10-29 21:26:47,21.81
2025-10-29 21:26:49,21.81
2025-10-29 21:26:52,21.75
2025-10-29 21:26:54,21.75
2025-10-29 21:26:56,21.75
2025-10-29 21:26:58,21.75
2025-10-29 21:27:01,21.75
2025-10-29 21:27:03,21.75
2025-10-29 21:27:05,21.75
2025-10-29 21:27:08,21.75
2025-10-29 21:27:10,21.75
2025-10-29 21:27:12,21.75
2025-10-29 21:27:15,21.75
2025-10-29 21:27:17,21.69
2025-10-29 21:27:19,21.75
2025-10-29 21:27:21,21.69
2025-10-29 21:27:24,21.69
2025-10-29 21:27:26,21.69
2025-10-29 21:27:28,21.69
2025-10-29 21:27:31,21.69
2025-10-29 21:27:33,21.69
2025-10-29 21:27:35,21.69
2025-10-29 21:27:38,21.69
2025-10-29 21:27:40,21.69
2025-10-29 21:27:42,21.69
2025-10-29 21:27:45,21.69
2025-10-29 21:27:47,21.62
2025-10-29 21:27:49,21.62
2025-10-29 21:27:51,21.69
2025-10-29 21:27:54,21.62
2025-10-29 21:27:56,21.69
2025-10-29 21:27:58,21.69
2025-10-29 21:28:01,21.62
2025-10-29 21:28:03,21.62
2025-10-29 21:28:05,21.62
2025-10-29 21:28:08,21.62
2025-10-29 21:28:10,21.62
2025-10-29 21:28:12,21.62
2025-10-29 21:28:14,21.62
2025-10-29 21:28:17,21.62
2025-10-29 21:28:19,21.62
2025-10-29 21:28:21,21.62
2025-10-29 21:28:24,21.62
2025-10-29 21:28:26,21.62
2025-10-29 21:28:28,21.56
2025-10-29 21:28:31,21.62
2025-10-29 21:28:33,21.56
2025-10-29 21:28:35,21.62
2025-10-29 21:28:38,21.56
2025-10-29 21:28:40,21.62
2025-10-29 21:28:42,20.69
2025-10-29 21:28:44,21.62
2025-10-29 21:28:47,21.56
2025-10-29 21:28:49,21.62
2025-10-29 21:28:51,21.62
2025-10-29 21:28:54,21.56
2025-10-29 21:28:56,21.56
2025-10-29 21:28:58,21.56
2025-10-29 21:29:01,21.56
2025-10-29 21:29:03,21.56
2025-10-29 21:29:05,21.56
2025-10-29 21:29:07,21.62
2025-10-29 21:29:10,21.62
2025-10-29 21:29:12,21.62
2025-10-29 21:29:14,21.56
2025-10-29 21:29:17,21.56
2025-10-29 21:29:19,21.56
2025-10-29 21:29:21,21.56
2025-10-29 21:29:24,21.56
2025-10-29 21:29:26,21.56
2025-10-29 21:29:28,21.56
2025-10-29 21:29:30,21.56
2025-10-29 21:29:33,21.56
2025-10-29 21:29:35,21.56
2025-10-29 21:29:37,21.56
2025-10-29 21:29:40,21.56
2025-10-29 21:29:42,21.50
2025-10-29 21:29:44,21.56
2025-10-29 21:29:47,21.56
2025-10-29 21:29:49,21.56
2025-10-29 21:29:51,21.50
2025-10-29 21:29:54,21.62
2025-10-29 21:29:56,21.38
2025-10-29 21:29:58,21.56
2025-10-29 21:30:00,21.44
2025-10-29 21:30:03,21.56
2025-10-29 21:30:05,21.62
2025-10-29 21:30:07,21.56
2025-10-29 21:30:10,21.56
2025-10-29 21:30:12,21.56
2025-10-29 21:30:14,21.56
2025-10-29 21:30:17,21.44
2025-10-29 21:30:19,21.56
2025-10-29 21:30:21,21.56
2025-10-29 21:30:23,21.50
2025-10-29 21:30:26,21.56
2025-10-29 21:30:28,21.56
2025-10-29 21:30:30,21.56
2025-10-29 21:30:33,21.56
2025-10-29 21:30:35,21.56
2025-10-29 21:30:37,21.56
2025-10-29 21:30:40,21.56
2025-10-29 21:30:42,21.56
2025-10-29 21:30:44,21.56
2025-10-29 21:30:47,21.50
2025-10-29 21:30:49,21.56
2025-10-29 21:30:51,21.56
2025-10-29 21:30:53,21.50
2025-10-29 21:30:56,21.50
2025-10-29 21:30:58,21.56
2025-10-29 21:31:00,21.50
2025-10-29 21:31:03,21.50
2025-10-29 21:31:05,21.50
2025-10-29 21:31:07,21.50
2025-10-29 21:31:10,21.56
2025-10-29 21:31:12,21.56
2025-10-29 21:31:14,21.56
2025-10-29 21:31:16,21.56
2025-10-29 21:31:19,21.50
2025-10-29 21:31:21,21.56
2025-10-29 21:31:23,21.56
2025-10-29 21:31:26,21.50
2025-10-29 21:31:28,21.56
2025-10-29 21:31:30,21.56
2025-10-29 21:31:33,21.56
2025-10-29 21:31:35,21.56
2025-10-29 21:31:37,21.56
2025-10-29 21:31:40,21.56
2025-10-29 21:31:42,21.56
2025-10-29 21:31:44,21.56
2025-10-29 21:31:46,21.56
2025-10-29 21:31:49,21.56
2025-10-29 21:31:51,21.56
2025-10-29 21:31:53,21.56
2025-10-29 21:31:56,21.56
2025-10-29 21:31:58,21.56
2025-10-29 21:32:00,21.56
2025-10-29 21:32:03,21.56
2025-10-29 21:32:05,21.56
2025-10-29 21:32:07,21.56
2025-10-29 21:32:09,21.56
2025-10-29 21:32:12,21.56
2025-10-29 21:32:14,21.56
2025-10-29 21:32:16,21.56
2025-10-29 21:32:19,21.56
2025-10-29 21:32:21,21.56
2025-10-29 21:32:23,21.56
2025-10-29 21:32:26,21.56
2025-10-29 21:32:28,21.56
2025-10-29 21:32:30,21.56
2025-10-29 21:32:33,21.56
2025-10-29 21:32:35,21.56
2025-10-29 21:32:37,21.56
2025-10-29 21:32:39,21.38
2025-10-29 21:32:42,21.56
2025-10-29 21:32:44,21.56
2025-10-29 21:32:46,21.56
2025-10-29 21:32:49,21.56
2025-10-29 21:32:51,21.56
2025-10-29 21:32:53,21.56
2025-10-29 21:32:56,21.56
2025-10-29 21:32:58,21.56
2025-10-29 21:33:00,21.56
2025-10-29 21:33:02,21.56
2025-10-29 21:33:05,21.56
2025-10-29 21:33:07,21.56
2025-10-29 21:33:09,21.50
2025-10-29 21:33:12,21.56
2025-10-29 21:33:14,21.56
2025-10-29 21:33:16,21.50
2025-10-29 21:33:19,21.56
2025-10-29 21:33:21,21.56
2025-10-29 21:33:23,21.56
2025-10-29 21:33:26,21.56
2025-10-29 21:33:28,21.56
2025-10-29 21:33:30,21.56
2025-10-29 21:33:32,21.56
2025-10-29 21:33:35,21.56
2025-10-29 21:33:37,21.56
2025-10-29 21:33:39,21.56
2025-10-29 21:33:42,21.56
2025-10-29 21:33:44,21.56
2025-10-29 21:33:46,21.56
2025-10-29 21:33:49,21.50
2025-10-29 21:33:51,21.56
2025-10-29 21:33:53,21.56
2025-10-29 21:33:55,21.56
2025-10-29 21:33:58,21.56
2025-10-29 21:34:00,21.56
2025-10-29 21:34:02,21.50
2025-10-29 21:34:05,21.56
2025-10-29 21:34:07,21.56
2025-10-29 21:34:09,21.56
2025-10-29 21:34:12,21.56
2025-10-29 21:34:14,21.56
2025-10-29 21:34:16,21.56
2025-10-29 21:34:18,21.56
2025-10-29 21:34:21,21.56
2025-10-29 21:34:23,21.56
2025-10-29 21:34:25,21.56
2025-10-29 21:34:28,21.56
2025-10-29 21:34:30,21.56
2025-10-29 21:34:32,21.56
2025-10-29 21:34:35,21.56
2025-10-29 21:34:37,21.56
2025-10-29 21:34:39,21.56
2025-10-29 21:34:42,21.56
2025-10-29 21:34:44,21.56
2025-10-29 21:34:46,21.56
2025-10-29 21:34:48,21.56
2025-10-29 21:34:51,21.56
2025-10-29 21:34:53,21.56
2025-10-29 21:34:55,21.56
2025-10-29 21:34:58,21.56
2025-10-29 21:35:00,21.56
2025-10-29 21:35:02,21.56
2025-10-29 21:35:05,21.50
2025-10-29 21:35:07,21.56
2025-10-29 21:35:09,21.50
2025-10-29 21:35:11,21.50
2025-10-29 21:35:14,21.56
2025-10-29 21:35:16,21.50
2025-10-29 21:35:18,21.56
2025-10-29 21:35:21,21.50
2025-10-29 21:35:23,21.50
2025-10-29 21:35:25,21.50
2025-10-29 21:35:28,21.50
2025-10-29 21:35:30,21.50
2025-10-29 21:35:32,21.50
2025-10-29 21:35:35,21.50
2025-10-29 21:35:37,21.50
2025-10-29 21:35:39,21.50
2025-10-29 21:35:41,21.50
2025-10-29 21:35:44,21.50
2025-10-29 21:35:46,21.50
2025-10-29 21:35:48,21.50
2025-10-29 21:35:51,21.50
2025-10-29 21:35:53,21.50
2025-10-29 21:35:55,21.50
2025-10-29 21:35:58,21.50
2025-10-29 21:36:00,21.50
2025-10-29 21:36:02,21.50
2025-10-29 21:36:04,21.50
2025-10-29 21:36:07,21.50
2025-10-29 21:36:09,21.50
2025-10-29 21:36:11,21.50
2025-10-29 21:36:14,21.50
2025-10-29 21:36:16,21.50
2025-10-29 21:36:18,21.50
2025-10-29 21:36:21,21.50
2025-10-29 21:36:23,21.50
2025-10-29 21:36:25,21.50
2025-10-29 21:36:28,21.50
2025-10-29 21:36:30,21.50
2025-10-29 21:36:32,21.50
2025-10-29 21:36:34,21.50
2025-10-29 21:36:37,21.50
2025-10-29 21:36:39,21.50
2025-10-29 21:36:41,21.50
2025-10-29 21:36:44,21.50
2025-10-29 21:36:46,21.50
2025-10-29 21:36:48,21.50
2025-10-29 21:36:51,21.50
2025-10-29 21:36:53,21.50
2025-10-29 21:36:55,21.44
2025-10-29 21:36:57,21.44
2025-10-29 21:37:00,21.50
2025-10-29 21:37:02,21.50
2025-10-29 21:37:04,21.50
2025-10-29 21:37:07,21.50
2025-10-29 21:37:09,21.50
2025-10-29 21:37:11,21.50
2025-10-29 21:37:14,21.50
2025-10-29 21:37:16,21.50
2025-10-29 21:37:18,21.50
2025-10-29 21:37:21,21.50
2025-10-29 21:37:23,21.44
2025-10-29 21:37:25,21.50
2025-10-29 21:37:27,21.44
2025-10-29 21:37:30,21.44
2025-10-29 21:37:32,21.50
2025-10-29 21:37:34,21.50
2025-10-29 21:37:37,21.44
2025-10-29 21:37:39,21.44
2025-10-29 21:37:41,21.44
2025-10-29 21:37:44,21.44
2025-10-29 21:37:46,21.50
2025-10-29 21:37:48,21.44
2025-10-29 21:37:50,21.44
2025-10-29 21:37:53,21.44
2025-10-29 21:37:55,21.44
2025-10-29 21:37:57,21.44
2025-10-29 21:38:00,21.44
2025-10-29 21:38:02,21.44
2025-10-29 21:38:04,21.44
2025-10-29 21:38:07,21.44
2025-10-29 21:38:09,21.44
2025-10-29 21:38:11,21.44
2025-10-29 21:38:14,21.44
2025-10-29 21:38:16,21.44
2025-10-29 21:38:18,21.44
2025-10-29 21:38:20,21.44
2025-10-29 21:38:23,21.44
2025-10-29 21:38:25,21.44
2025-10-29 21:38:27,21.38
2025-10-29 21:38:30,21.44
2025-10-29 21:38:32,21.44
2025-10-29 21:38:34,21.44
2025-10-29 21:38:37,21.44
2025-10-29 21:38:39,21.44
2025-10-29 21:38:41,21.44
2025-10-29 21:38:43,21.44
2025-10-29 21:38:46,21.44
2025-10-29 21:38:48,21.38
2025-10-29 21:38:50,21.44
2025-10-29 21:38:53,21.38
2025-10-29 21:38:55,21.44
2025-10-29 21:38:57,21.44
2025-10-29 21:39:00,21.44
2025-10-29 21:39:02,21.44
2025-10-29 21:39:04,21.44
2025-10-29 21:39:06,21.44
2025-10-29 21:39:09,21.38
2025-10-29 21:39:11,21.44
2025-10-29 21:39:13,21.38
2025-10-29 21:39:16,21.44
2025-10-29 21:39:18,21.44
2025-10-29 21:39:20,21.44
2025-10-29 21:39:23,21.44
2025-10-29 21:39:25,21.44
2025-10-29 21:39:27,21.44
2025-10-29 21:39:30,21.44
2025-10-29 21:39:32,21.44
2025-10-29 21:39:34,21.44
2025-10-29 21:39:36,21.44
2025-10-29 21:39:39,21.44
2025-10-29 21:39:41,21.44
2025-10-29 21:39:43,21.44
2025-10-29 21:39:46,21.44
2025-10-29 21:39:48,21.44
2025-10-29 21:39:50,21.44
2025-10-29 21:39:53,21.44
2025-10-29 21:39:55,21.44
2025-10-29 21:39:57,21.44
2025-10-29 21:39:59,21.38
2025-10-29 21:40:02,21.44
2025-10-29 21:40:04,21.38
2025-10-29 21:40:06,21.38
2025-10-29 21:40:09,21.38
2025-10-29 21:40:11,21.38
2025-10-29 21:40:13,21.38
2025-10-29 21:40:16,21.38
2025-10-29 21:40:18,21.38
2025-10-29 21:40:20,21.38
2025-10-29 21:40:23,21.38
2025-10-29 21:40:25,21.38
2025-10-29 21:40:27,21.38
2025-10-29 21:40:29,21.38
2025-10-29 21:40:32,21.38
2025-10-29 21:40:34,21.38
2025-10-29 21:40:36,21.38
2025-10-29 21:40:39,21.38
2025-10-29 21:40:41,21.38
2025-10-29 21:40:43,21.38
2025-10-29 21:40:46,21.38
2025-10-29 21:40:48,21.38
2025-10-29 21:40:50,21.38
2025-10-29 21:40:52,21.38
2025-10-29 21:40:55,21.38
2025-10-29 21:40:57,21.31
2025-10-29 21:40:59,21.38
2025-10-29 21:41:02,21.38
2025-10-29 21:41:04,21.31
2025-10-29 21:41:06,21.31
2025-10-29 21:41:09,21.38
2025-10-29 21:41:11,21.38
2025-10-29 21:41:13,21.38
2025-10-29 21:41:16,21.38
2025-10-29 21:41:18,21.38
2025-10-29 21:41:20,21.38
2025-10-29 21:41:22,21.38
2025-10-29 21:41:25,21.31
2025-10-29 21:41:27,21.31
2025-10-29 21:41:29,21.38
2025-10-29 21:41:32,21.38
2025-10-29 21:41:34,21.38
2025-10-29 21:41:36,21.31
2025-10-29 21:41:39,21.31
2025-10-29 21:41:41,21.31
2025-10-29 21:41:43,21.38
2025-10-29 21:41:45,21.38
2025-10-29 21:41:48,21.38
2025-10-29 21:41:50,21.38
2025-10-29 21:41:52,21.38
2025-10-29 21:41:55,21.38
2025-10-29 21:41:57,21.38
2025-10-29 21:41:59,21.38
2025-10-29 21:42:02,21.38
2025-10-29 21:42:04,21.38
2025-10-29 21:42:06,21.38
2025-10-29 21:42:09,21.38
2025-10-29 21:42:11,21.38
2025-10-29 21:42:13,21.38
2025-10-29 21:42:15,21.38
2025-10-29 21:42:18,21.38
2025-10-29 21:42:20,21.38
2025-10-29 21:42:22,21.38
2025-10-29 21:42:25,21.38
2025-10-29 21:42:27,21.38
2025-10-29 21:42:29,21.31
2025-10-29 21:42:32,21.38
2025-10-29 21:42:34,21.38
2025-10-29 21:42:36,21.38
2025-10-29 21:42:38,21.38
2025-10-29 21:42:41,21.38
2025-10-29 21:42:43,21.38
2025-10-29 21:42:45,21.38
2025-10-29 21:42:48,21.38
2025-10-29 21:42:50,21.38
2025-10-29 21:42:52,21.38
2025-10-29 21:42:55,21.38
2025-10-29 21:42:57,21.38
2025-10-29 21:42:59,21.38
2025-10-29 21:43:02,21.38
2025-10-29 21:43:04,21.38
2025-10-29 21:43:06,21.38
2025-10-29 21:43:08,21.38
2025-10-29 21:43:11,21.38
2025-10-29 21:43:13,21.38
2025-10-29 21:43:15,21.38
2025-10-29 21:43:18,21.38
2025-10-29 21:43:20,21.38
2025-10-29 21:43:22,21.38
2025-10-29 21:43:25,21.44
2025-10-29 21:43:27,21.44
2025-10-29 21:43:29,21.38
2025-10-29 21:43:31,21.38
2025-10-29 21:43:34,21.38
2025-10-29 21:43:36,21.44
2025-10-29 21:43:38,21.38
2025-10-29 21:43:41,21.38
2025-10-29 21:43:43,21.44
2025-10-29 21:43:45,21.38
2025-10-29 21:43:48,21.44
2025-10-29 21:43:50,21.38
2025-10-29 21:43:52,21.44
2025-10-29 21:43:54,21.44
2025-10-29 21:43:57,21.44
2025-10-29 21:43:59,21.44
2025-10-29 21:44:01,21.44
2025-10-29 21:44:04,21.44
2025-10-29 21:44:06,21.44
2025-10-29 21:44:08,21.38
2025-10-29 21:44:11,21.44
2025-10-29 21:44:13,21.44
2025-10-29 21:44:15,21.44
2025-10-29 21:44:18,21.44
2025-10-29 21:44:20,21.44
2025-10-29 21:44:22,21.44
2025-10-29 21:44:24,21.38
2025-10-29 21:44:27,21.44
2025-10-29 21:44:29,21.44
2025-10-29 21:44:31,21.44
2025-10-29 21:44:34,21.44
2025-10-29 21:44:36,21.38
2025-10-29 21:44:38,21.44
2025-10-29 21:44:41,21.44
2025-10-29 21:44:43,21.44
2025-10-29 21:44:45,21.44
2025-10-29 21:44:47,21.44
2025-10-29 21:44:50,21.44
2025-10-29 21:44:52,21.44
2025-10-29 21:44:54,21.38
2025-10-29 21:44:57,21.44
2025-10-29 21:44:59,21.44
2025-10-29 21:45:01,21.44
2025-10-29 21:45:04,21.44
2025-10-29 21:45:06,21.44
2025-10-29 21:45:08,21.44
2025-10-29 21:45:11,21.44
2025-10-29 21:45:13,21.44
2025-10-29 21:45:15,21.44
2025-10-29 21:45:17,21.44
2025-10-29 21:45:20,21.44
2025-10-29 21:45:22,21.44
2025-10-29 21:45:24,21.44
2025-10-29 21:45:27,21.44
2025-10-29 21:45:29,21.44
2025-10-29 21:45:31,21.44
2025-10-29 21:45:34,21.44
2025-10-29 21:45:36,21.44
2025-10-29 21:45:38,21.50
2025-10-29 21:45:40,21.44
2025-10-29 21:45:43,21.44
2025-10-29 21:45:45,21.44
2025-10-29 21:45:47,21.44
2025-10-29 21:45:50,21.44
2025-10-29 21:45:52,21.44
2025-10-29 21:45:54,21.44
2025-10-29 21:45:57,21.50
2025-10-29 21:45:59,21.44
2025-10-29 21:46:01,21.44
2025-10-29 21:46:04,21.44
2025-10-29 21:46:06,21.50
2025-10-29 21:46:08,21.44
2025-10-29 21:46:10,21.44
2025-10-29 21:46:13,21.44
2025-10-29 21:46:15,21.50
2025-10-29 21:46:17,21.50
2025-10-29 21:46:20,21.44
2025-10-29 21:46:22,21.44
2025-10-29 21:46:24,21.50
2025-10-29 21:46:27,21.50
2025-10-29 21:46:29,21.50
2025-10-29 21:46:31,21.50
2025-10-29 21:46:33,21.50
2025-10-29 21:46:36,21.50
2025-10-29 21:46:38,21.50
2025-10-29 21:46:40,21.50
2025-10-29 21:46:43,21.50
2025-10-29 21:46:45,21.50
2025-10-29 21:46:47,21.50
2025-10-29 21:46:50,21.50
2025-10-29 21:46:52,21.50
2025-10-29 21:46:54,21.50
2025-10-29 21:46:57,21.50
2025-10-29 21:46:59,21.56
2025-10-29 21:47:01,21.50
2025-10-29 21:47:03,21.50
2025-10-29 21:47:06,21.50
2025-10-29 21:47:08,21.56
2025-10-29 21:47:10,21.50
2025-10-29 21:47:13,21.56
2025-10-29 21:47:15,21.56
2025-10-29 21:47:17,21.56
2025-10-29 21:47:20,21.56
2025-10-29 21:47:22,21.56
2025-10-29 21:47:24,21.50
2025-10-29 21:47:26,21.50
2025-10-29 21:47:29,21.56
2025-10-29 21:47:31,21.50
2025-10-29 21:47:33,21.56
2025-10-29 21:47:36,21.50
2025-10-29 21:47:38,21.56
2025-10-29 21:47:40,21.56
2025-10-29 21:47:43,21.56
2025-10-29 21:47:45,21.56
2025-10-29 21:47:47,21.50
2025-10-29 21:47:50,21.56
2025-10-29 21:47:52,21.50
2025-10-29 21:47:54,21.56
2025-10-29 21:47:56,21.56
2025-10-29 21:47:59,21.56
2025-10-29 21:48:01,21.56
2025-10-29 21:48:03,21.56
2025-10-29 21:48:06,21.56
2025-10-29 21:48:08,21.56
2025-10-29 21:48:10,21.56
2025-10-29 21:48:13,21.56
2025-10-29 21:48:15,21.56
2025-10-29 21:48:17,21.56
2025-10-29 21:48:19,21.56
2025-10-29 21:48:22,21.56
2025-10-29 21:48:24,21.56
2025-10-29 21:48:26,21.56
2025-10-29 21:48:29,21.56
2025-10-29 21:48:31,21.56
2025-10-29 21:48:33,21.56
2025-10-29 21:48:36,21.56
2025-10-29 21:48:38,21.56
2025-10-29 21:48:40,21.56
2025-10-29 21:48:42,21.56
2025-10-29 21:48:45,21.56
2025-10-29 21:48:47,21.56
2025-10-29 21:48:49,21.56
2025-10-29 21:48:52,21.56
2025-10-29 21:48:54,21.56
2025-10-29 21:48:56,21.56
2025-10-29 21:48:59,21.62
2025-10-29 21:49:01,21.56
2025-10-29 21:49:03,21.56
2025-10-29 21:49:06,21.56
2025-10-29 21:49:08,21.62
2025-10-29 21:49:10,21.56
2025-10-29 21:49:12,21.56
2025-10-29 21:49:15,21.56
2025-10-29 21:49:17,21.56
2025-10-29 21:49:19,21.62
2025-10-29 21:49:22,21.56
2025-10-29 21:49:24,21.56
2025-10-29 21:49:26,21.56
2025-10-29 21:49:29,21.56
2025-10-29 21:49:31,21.56
2025-10-29 21:49:33,21.56
2025-10-29 21:49:35,21.56
2025-10-29 21:49:38,21.62
2025-10-29 21:49:40,21.62
2025-10-29 21:49:42,21.62
2025-10-29 21:49:45,21.56
2025-10-29 21:49:47,21.56
2025-10-29 21:49:49,21.62
2025-10-29 21:49:52,21.56
2025-10-29 21:49:54,21.62
2025-10-29 21:49:56,21.56
2025-10-29 21:49:59,21.62
2025-10-29 21:50:01,21.56
2025-10-29 21:50:03,21.56
2025-10-29 21:50:05,21.62
2025-10-29 21:50:08,21.56
2025-10-29 21:50:10,21.62
2025-10-29 21:50:12,21.62
2025-10-29 21:50:15,21.62
2025-10-29 21:50:17,21.56
2025-10-29 21:50:19,21.62
2025-10-29 21:50:22,21.62
2025-10-29 21:50:24,21.56
2025-10-29 21:50:26,21.62
2025-10-29 21:50:28,21.56
2025-10-29 21:50:31,21.56
2025-10-29 21:50:33,21.62
2025-10-29 21:50:35,21.62
2025-10-29 21:50:38,21.62
2025-10-29 21:50:40,21.62
2025-10-29 21:50:42,21.62
2025-10-29 21:50:45,21.62
2025-10-29 21:50:47,21.62
2025-10-29 21:50:49,21.62
2025-10-29 21:50:52,21.56
2025-10-29 21:50:54,21.62
2025-10-29 21:50:56,21.62
2025-10-29 21:50:58,21.56
2025-10-29 21:51:01,21.62
2025-10-29 21:51:03,21.56
2025-10-29 21:51:05,21.62
2025-10-29 21:51:08,21.62
2025-10-29 21:51:10,21.62
2025-10-29 21:51:12,21.62
2025-10-29 21:51:15,21.62
2025-10-29 21:51:17,21.62
2025-10-29 21:51:19,21.62
2025-10-29 21:51:21,21.62
2025-10-29 21:51:24,21.62
2025-10-29 21:51:26,21.62
2025-10-29 21:51:28,21.62
2025-10-29 21:51:31,21.62
2025-10-29 21:51:33,21.62
2025-10-29 21:51:35,21.62
2025-10-29 21:51:38,21.62
2025-10-29 21:51:40,21.62
2025-10-29 21:51:42,21.62
2025-10-29 21:51:45,21.62
2025-10-29 21:51:47,21.62
2025-10-29 21:51:49,21.62
2025-10-29 21:51:51,21.62
2025-10-29 21:51:54,21.62
2025-10-29 21:51:56,21.62
2025-10-29 21:51:58,21.69
2025-10-29 21:52:01,21.62
2025-10-29 21:52:03,21.62
2025-10-29 21:52:05,21.62
2025-10-29 21:52:08,21.62
2025-10-29 21:52:10,21.62
2025-10-29 21:52:12,21.62
2025-10-29 21:52:14,21.62
2025-10-29 21:52:17,21.62
2025-10-29 21:52:19,21.62
2025-10-29 21:52:21,21.62
2025-10-29 21:52:24,21.62
2025-10-29 21:52:26,21.62
2025-10-29 21:52:28,21.62
2025-10-29 21:52:31,21.62
2025-10-29 21:52:33,21.62
2025-10-29 21:52:35,21.69
2025-10-29 21:52:38,21.69
2025-10-29 21:52:40,21.62
2025-10-29 21:52:42,21.62
2025-10-29 21:52:44,21.69
2025-10-29 21:52:47,21.62
2025-10-29 21:52:49,21.69
2025-10-29 21:52:51,21.62
2025-10-29 21:52:54,21.62
2025-10-29 21:52:56,21.69
2025-10-29 21:52:58,21.69
2025-10-29 21:53:01,21.69
2025-10-29 21:53:03,21.62
2025-10-29 21:53:05,21.69
2025-10-29 21:53:07,21.69
2025-10-29 21:53:10,21.69
2025-10-29 21:53:12,21.69
2025-10-29 21:53:14,21.62
2025-10-29 21:53:17,21.69
2025-10-29 21:53:19,21.69
2025-10-29 21:53:21,21.69
2025-10-29 21:53:24,21.69
2025-10-29 21:53:26,21.69
2025-10-29 21:53:28,21.69
2025-10-29 21:53:30,21.69
2025-10-29 21:53:33,21.69
2025-10-29 21:53:35,21.69
2025-10-29 21:53:37,21.69
2025-10-29 21:53:40,21.69
2025-10-29 21:53:42,21.69
2025-10-29 21:53:44,21.69
2025-10-29 21:53:47,21.69
2025-10-29 21:53:49,21.69
2025-10-29 21:53:51,21.69
2025-10-29 21:53:54,21.69
2025-10-29 21:53:56,21.69
2025-10-29 21:53:58,21.69
2025-10-29 21:54:00,21.69
2025-10-29 21:54:03,21.69
2025-10-29 21:54:05,21.75
2025-10-29 21:54:07,21.69
2025-10-29 21:54:10,21.69
2025-10-29 21:54:12,21.69
2025-10-29 21:54:14,21.69
2025-10-29 21:54:17,21.69
2025-10-29 21:54:19,21.69
2025-10-29 21:54:21,21.69
2025-10-29 21:54:23,21.69
2025-10-29 21:54:26,21.69
2025-10-29 21:54:28,21.69
2025-10-29 21:54:30,21.69
2025-10-29 21:54:33,21.69
2025-10-29 21:54:35,21.69
2025-10-29 21:54:37,21.69
2025-10-29 21:54:40,21.69
2025-10-29 21:54:42,21.69
2025-10-29 21:54:44,21.69
2025-10-29 21:54:47,21.69
2025-10-29 21:54:49,21.69
2025-10-29 21:54:51,21.69
2025-10-29 21:54:53,21.69
2025-10-29 21:54:56,21.69
2025-10-29 21:54:58,21.69
2025-10-29 21:55:00,21.69
2025-10-29 21:55:03,21.69
2025-10-29 21:55:05,21.69
2025-10-29 21:55:07,21.69
2025-10-29 21:55:10,21.69
2025-10-29 21:55:12,21.69
2025-10-29 21:55:14,21.69
2025-10-29 21:55:16,21.69
2025-10-29 21:55:19,21.69
2025-10-29 21:55:21,21.69
2025-10-29 21:55:23,21.69
2025-10-29 21:55:26,21.69
2025-10-29 21:55:28,21.69
2025-10-29 21:55:30,21.62
2025-10-29 21:55:33,21.62
2025-10-29 21:55:35,21.62
2025-10-29 21:55:37,21.69
2025-10-29 21:55:40,21.62
2025-10-29 21:55:42,21.62
2025-10-29 21:55:44,21.69
2025-10-29 21:55:46,21.62
2025-10-29 21:55:49,21.62
2025-10-29 21:55:51,21.62
2025-10-29 21:55:53,21.62
2025-10-29 21:55:56,21.62
2025-10-29 21:55:58,21.62
2025-10-29 21:56:00,21.62
2025-10-29 21:56:03,21.62
2025-10-29 21:56:05,21.62
2025-10-29 21:56:07,21.62
2025-10-29 21:56:09,21.62
2025-10-29 21:56:12,21.62
2025-10-29 21:56:14,21.62
2025-10-29 21:56:16,21.62
2025-10-29 21:56:19,21.62
2025-10-29 21:56:21,21.62
2025-10-29 21:56:23,21.62
2025-10-29 21:56:26,21.62
2025-10-29 21:56:28,21.62
2025-10-29 21:56:30,21.62
2025-10-29 21:56:33,21.62
2025-10-29 21:56:35,21.62
2025-10-29 21:56:37,21.56
2025-10-29 21:56:39,21.62
2025-10-29 21:56:42,21.62
2025-10-29 21:56:44,21.56
2025-10-29 21:56:46,21.62
2025-10-29 21:56:49,21.56
2025-10-29 21:56:51,21.62
2025-10-29 21:56:53,21.56
2025-10-29 21:56:56,21.56
2025-10-29 21:56:58,21.56
2025-10-29 21:57:00,21.56
2025-10-29 21:57:02,21.62
2025-10-29 21:57:05,21.62
2025-10-29 21:57:07,21.62
2025-10-29 21:57:09,21.56
2025-10-29 21:57:12,21.56
2025-10-29 21:57:14,21.56
2025-10-29 21:57:16,21.56
2025-10-29 21:57:19,21.62
2025-10-29 21:57:21,21.56
2025-10-29 21:57:23,21.56
2025-10-29 21:57:26,21.56
2025-10-29 21:57:28,21.56
2025-10-29 21:57:30,21.56
2025-10-29 21:57:32,21.56
2025-10-29 21:57:35,21.56
2025-10-29 21:57:37,21.56
2025-10-29 21:57:39,21.56
2025-10-29 21:57:42,21.56
2025-10-29 21:57:44,21.56
2025-10-29 21:57:46,21.56
2025-10-29 21:57:49,21.62
2025-10-29 21:57:51,21.56
2025-10-29 21:57:53,21.56
2025-10-29 21:57:55,21.56
2025-10-29 21:57:58,21.56
2025-10-29 21:58:00,21.56
2025-10-29 21:58:02,21.56
2025-10-29 21:58:05,21.56
                                                                                                                                                                                                                                                                    2025-11-05 21:37:20,21.69
2025-11-05 21:37:22,21.69
2025-11-05 21:37:24,21.69
2025-11-05 21:37:27,21.69
2025-11-05 21:37:29,21.69
2025-11-05 21:37:31,21.69
2025-11-05 21:37:34,21.56
2025-11-05 21:37:36,21.62
2025-11-05 21:37:38,21.56
2025-11-05 21:37:41,21.56
2025-11-05 21:37:43,21.56
2025-11-05 21:37:45,21.56
2025-11-05 21:37:47,21.62
2025-11-05 21:37:50,21.69
2025-11-05 21:37:52,21.62
2025-11-05 21:37:54,21.62
2025-11-05 21:37:57,21.69
2025-11-05 21:37:59,21.69
2025-11-05 21:38:01,21.69
2025-11-05 21:38:04,21.69
2025-11-05 21:38:06,21.69
2025-11-05 21:38:08,21.69
2025-11-05 21:38:10,21.62
2025-11-05 21:38:13,21.69
2025-11-05 21:38:15,21.62
2025-11-05 21:38:17,21.62
2025-11-05 21:38:20,21.69
2025-11-05 21:38:22,21.62
2025-11-05 21:38:24,21.69
2025-11-05 21:38:27,21.62
2025-11-05 21:38:29,21.69
2025-11-05 21:38:31,21.62
2025-11-05 21:38:33,21.62
2025-11-05 21:38:36,21.62
2025-11-05 21:38:38,21.62
2025-11-05 21:38:40,21.62
2025-11-05 21:38:43,21.62
2025-11-05 21:38:45,21.62
2025-11-05 21:38:47,21.62
2025-11-05 21:38:50,21.62
2025-11-05 21:38:52,21.62
2025-11-05 21:38:54,21.62
2025-11-05 21:38:57,21.62
2025-11-05 21:38:59,21.62
2025-11-05 21:39:01,21.62
2025-11-05 21:39:03,21.62
2025-11-05 21:39:06,21.62
2025-11-05 21:39:08,21.62
2025-11-05 21:39:10,21.62
2025-11-05 21:39:13,21.62
2025-11-05 21:39:15,21.62
2025-11-05 21:39:17,21.62
2025-11-05 21:39:20,21.62
2025-11-05 21:39:22,21.62
2025-11-05 21:39:24,21.62
2025-11-05 21:39:26,21.62
2025-11-05 21:39:29,21.62
2025-11-05 21:39:31,21.62
2025-11-05 21:39:33,21.69
2025-11-05 21:39:36,21.62
2025-11-05 21:39:38,21.62
2025-11-05 21:39:40,21.62
2025-11-05 21:39:43,21.62
2025-11-05 21:39:45,21.62
2025-11-05 21:39:47,21.62
2025-11-05 21:39:50,21.62
2025-11-05 21:39:52,21.62
2025-11-05 21:39:54,21.62
2025-11-05 21:39:56,21.62
2025-11-05 21:39:59,21.62
2025-11-05 21:40:01,21.62
2025-11-05 21:40:03,21.62
2025-11-05 21:40:06,21.62
2025-11-05 21:40:08,21.62
2025-11-05 21:40:10,21.62
2025-11-05 21:40:13,21.62
2025-11-05 21:40:15,21.62
2025-11-05 21:40:17,21.56
2025-11-05 21:40:19,21.56
2025-11-05 21:40:22,21.62
2025-11-05 21:40:24,21.62
2025-11-05 21:40:26,21.62
2025-11-05 21:40:29,21.62
2025-11-05 21:40:31,21.62
2025-11-05 21:40:33,21.62
2025-11-05 21:40:36,21.62
2025-11-05 21:40:38,21.62
2025-11-05 21:40:40,21.62
2025-11-05 21:40:43,21.62
2025-11-05 21:40:45,21.62
2025-11-05 21:40:47,21.62
2025-11-05 21:40:49,21.62
2025-11-05 21:40:52,21.56
2025-11-05 21:40:54,21.62
2025-11-05 21:40:56,21.62
2025-11-05 21:40:59,21.62
2025-11-05 21:41:01,21.62
2025-11-05 21:41:03,21.62
2025-11-05 21:41:06,21.62
2025-11-05 21:41:08,21.62
2025-11-05 21:41:10,21.62
2025-11-05 21:41:12,21.62
2025-11-05 21:41:15,21.56
2025-11-05 21:41:17,21.56
2025-11-05 21:41:19,21.56
2025-11-05 21:41:22,21.56
2025-11-05 21:41:24,21.62
2025-11-05 21:41:26,21.62
2025-11-05 21:41:29,21.62
2025-11-05 21:41:31,21.62
2025-11-05 21:41:33,21.62
2025-11-05 21:41:36,21.62
2025-11-05 21:41:38,21.62
2025-11-05 21:41:40,21.62
2025-11-05 21:41:42,21.62
2025-11-05 21:41:45,21.62
2025-11-05 21:41:47,21.62
2025-11-05 21:41:49,21.56
2025-11-05 21:41:52,21.56
2025-11-05 21:41:54,21.62
2025-11-05 21:41:56,21.56
2025-11-05 21:41:59,21.62
2025-11-05 21:42:01,21.56
2025-11-05 21:42:03,21.62
2025-11-05 21:42:05,21.62
2025-11-05 21:42:08,21.62
2025-11-05 21:42:10,21.62
2025-11-05 21:42:12,21.62
2025-11-05 21:42:15,21.62
2025-11-05 21:42:17,21.62
2025-11-05 21:42:19,21.62
2025-11-05 21:42:22,21.62
2025-11-05 21:42:24,21.62
2025-11-05 21:42:26,21.62
2025-11-05 21:42:29,21.62
2025-11-05 21:42:31,21.62
2025-11-05 21:42:33,21.62
2025-11-05 21:42:35,21.62
2025-11-05 21:42:38,21.62
2025-11-05 21:42:40,21.62
2025-11-05 21:42:42,21.62
2025-11-05 21:42:45,21.62
2025-11-05 21:42:47,21.56
2025-11-05 21:42:49,21.62
2025-11-05 21:42:52,21.62
2025-11-05 21:42:54,21.62
2025-11-05 21:42:56,21.62
2025-11-05 21:42:58,21.62
2025-11-05 21:43:01,21.62
2025-11-05 21:43:03,21.62
2025-11-05 21:43:05,21.62
2025-11-05 21:43:08,21.62
2025-11-05 21:43:10,21.62
2025-11-05 21:43:12,21.62
2025-11-05 21:43:15,21.62
2025-11-05 21:43:17,21.62
2025-11-05 21:43:19,21.62
2025-11-05 21:43:22,21.62
2025-11-05 21:43:24,21.62
2025-11-05 21:43:26,21.62
2025-11-05 21:43:28,21.62
2025-11-05 21:43:31,21.62
2025-11-05 21:43:33,21.62
2025-11-05 21:43:35,21.62
2025-11-05 21:43:38,21.62
2025-11-05 21:43:40,21.62
2025-11-05 21:43:42,21.69
2025-11-05 21:43:45,21.62
2025-11-05 21:43:47,21.69
2025-11-05 21:43:49,21.62
2025-11-05 21:43:51,21.62
2025-11-05 21:43:54,21.69
2025-11-05 21:43:56,21.69
2025-11-05 21:43:58,21.62
2025-11-05 21:44:01,21.62
2025-11-05 21:44:03,21.69
2025-11-05 21:44:05,21.62
2025-11-05 21:44:08,21.62
2025-11-05 21:44:10,21.62
2025-11-05 21:44:12,21.69
2025-11-05 21:44:14,21.62
2025-11-05 21:44:17,21.69
2025-11-05 21:44:19,21.69
2025-11-05 21:44:21,21.69
2025-11-05 21:44:24,21.69
2025-11-05 21:44:26,21.69
2025-11-05 21:44:28,21.69
2025-11-05 21:44:31,21.69
2025-11-05 21:44:33,21.62
2025-11-05 21:44:35,21.62
2025-11-05 21:44:38,21.69
2025-11-05 21:44:40,21.69
2025-11-05 21:44:42,21.69
2025-11-05 21:44:44,21.62
2025-11-05 21:44:47,21.62
2025-11-05 21:44:49,21.69
2025-11-05 21:44:51,21.62
2025-11-05 21:44:54,21.69
2025-11-05 21:44:56,21.69
2025-11-05 21:44:58,21.62
2025-11-05 21:45:01,21.69
2025-11-05 21:45:03,21.69
2025-11-05 21:45:05,21.69
2025-11-05 21:45:07,21.69
2025-11-05 21:45:10,21.69
2025-11-05 21:45:12,21.69
2025-11-05 21:45:14,21.69
2025-11-05 21:45:17,21.69
2025-11-05 21:45:19,21.69
2025-11-05 21:45:21,21.62
2025-11-05 21:45:24,21.69
2025-11-05 21:45:26,21.69
2025-11-05 21:45:28,21.69
2025-11-05 21:45:31,21.69
2025-11-05 21:45:33,21.69
2025-11-05 21:45:35,21.69
2025-11-05 21:45:37,21.69
2025-11-05 21:45:40,21.69
2025-11-05 21:45:42,21.69
2025-11-05 21:45:44,21.69
2025-11-05 21:45:47,21.69
2025-11-05 21:45:49,21.69
2025-11-05 21:45:51,21.69
2025-11-05 21:45:54,21.69
2025-11-05 21:45:56,21.69
2025-11-05 21:45:58,21.69
2025-11-05 21:46:00,21.69
2025-11-05 21:46:03,21.69
2025-11-05 21:46:05,21.69
2025-11-05 21:46:07,21.69
2025-11-05 21:46:10,21.62
2025-11-05 21:46:12,21.69
2025-11-05 21:46:14,21.69
2025-11-05 21:46:17,21.69
2025-11-05 21:46:19,21.69
2025-11-05 21:46:21,21.69
2025-11-05 21:46:24,21.69
2025-11-05 21:46:26,21.69
2025-11-05 21:46:28,21.69
2025-11-05 21:46:30,21.69
2025-11-05 21:46:33,21.69
2025-11-05 21:46:35,21.69
2025-11-05 21:46:37,21.69
2025-11-05 21:46:40,21.69
2025-11-05 21:46:42,21.69
2025-11-05 21:46:44,21.69
2025-11-05 21:46:47,21.69
2025-11-05 21:46:49,21.69
2025-11-05 21:46:51,21.69
2025-11-05 21:46:53,21.69
2025-11-05 21:46:56,21.69
2025-11-05 21:46:58,21.69
2025-11-05 21:47:00,21.69
2025-11-05 21:47:03,21.69
2025-11-05 21:47:05,21.69
2025-11-05 21:47:07,21.69
2025-11-05 21:47:10,21.69
2025-11-05 21:47:12,21.75
2025-11-05 21:47:14,21.75
2025-11-05 21:47:17,21.69
2025-11-05 21:47:19,21.69
2025-11-05 21:47:21,21.75
2025-11-05 21:47:23,21.75
2025-11-05 21:47:26,21.75
2025-11-05 21:47:28,21.69
2025-11-05 21:47:30,21.75
2025-11-05 21:47:33,21.75
2025-11-05 21:47:35,21.75
2025-11-05 21:47:37,21.75
2025-11-05 21:47:40,21.75
2025-11-05 21:47:42,21.75
2025-11-05 21:47:44,21.69
2025-11-05 21:47:46,21.75
2025-11-05 21:47:49,21.69
2025-11-05 21:47:51,21.75
2025-11-05 21:47:53,21.75
2025-11-05 21:47:56,21.75
2025-11-05 21:47:58,21.75
2025-11-05 21:48:00,21.75
2025-11-05 21:48:03,21.75
2025-11-05 21:48:05,21.75
2025-11-05 21:48:07,21.69
2025-11-05 21:48:10,21.75
2025-11-05 21:48:12,21.75
2025-11-05 21:48:14,21.75
2025-11-05 21:48:16,21.75
2025-11-05 21:48:19,21.69
2025-11-05 21:48:21,21.69
2025-11-05 21:48:23,21.75
2025-11-05 21:48:26,21.75
2025-11-05 21:48:28,21.75
2025-11-05 21:48:30,21.75
2025-11-05 21:48:33,21.75
2025-11-05 21:48:35,21.75
2025-11-05 21:48:37,21.75
2025-11-05 21:48:39,21.75
2025-11-05 21:48:42,21.75
2025-11-05 21:48:44,21.75
2025-11-05 21:48:46,21.75
2025-11-05 21:48:49,21.75
2025-11-05 21:48:51,21.75
2025-11-05 21:48:53,21.75
2025-11-05 21:48:56,21.75
2025-11-05 21:48:58,21.75
2025-11-05 21:49:00,21.75
2025-11-05 21:49:02,21.75
2025-11-05 21:49:05,21.75
2025-11-05 21:49:07,21.75
2025-11-05 21:49:09,21.75
2025-11-05 21:49:12,21.75
2025-11-05 21:49:14,21.75
2025-11-05 21:49:16,21.75
2025-11-05 21:49:19,21.75
2025-11-05 21:49:21,21.75
2025-11-05 21:49:23,21.75
2025-11-05 21:49:26,21.75
2025-11-05 21:49:28,21.75
2025-11-05 21:49:30,21.81
2025-11-05 21:49:32,21.75
2025-11-05 21:49:35,21.81
2025-11-05 21:49:37,21.81
2025-11-05 21:49:39,21.75
2025-11-05 21:49:42,21.81
2025-11-05 21:49:44,21.75
2025-11-05 21:49:46,21.75
2025-11-05 21:49:49,21.75
2025-11-05 21:49:51,21.75
2025-11-05 21:49:53,21.75
2025-11-05 21:49:55,21.75
2025-11-05 21:49:58,21.75
2025-11-05 21:50:00,21.81
2025-11-05 21:50:02,21.75
2025-11-05 21:50:05,21.81
2025-11-05 21:50:07,21.75
2025-11-05 21:50:09,21.75
2025-11-05 21:50:12,21.75
2025-11-05 21:50:14,21.75
2025-11-05 21:50:16,21.75
2025-11-05 21:50:19,21.81
2025-11-05 21:50:21,21.81
2025-11-05 21:50:23,21.81
2025-11-05 21:50:25,21.75
2025-11-05 21:50:28,21.81
2025-11-05 21:50:30,21.75
2025-11-05 21:50:32,21.81
2025-11-05 21:50:35,21.81
2025-11-05 21:50:37,21.81
2025-11-05 21:50:39,21.81
2025-11-05 21:50:42,21.81
2025-11-05 21:50:44,21.81
2025-11-05 21:50:46,21.81
2025-11-05 21:50:48,21.81
2025-11-05 21:50:51,21.81
2025-11-05 21:50:53,21.81
2025-11-05 21:50:55,21.81
2025-11-05 21:50:58,21.81
2025-11-05 21:51:00,21.81
2025-11-05 21:51:02,21.81
2025-11-05 21:51:05,21.75
2025-11-05 21:51:07,21.75
2025-11-05 21:51:09,21.81
2025-11-05 21:51:12,21.81
2025-11-05 21:51:14,21.81
2025-11-05 21:51:16,21.81
2025-11-05 21:51:18,21.81
2025-11-05 21:51:21,21.81
2025-11-05 21:51:23,21.81
2025-11-05 21:51:25,21.81
2025-11-05 21:51:28,21.75
2025-11-05 21:51:30,21.81
2025-11-05 21:51:32,21.81
2025-11-05 21:51:35,21.81
2025-11-05 21:51:37,21.81
2025-11-05 21:51:39,21.81
2025-11-05 21:51:41,21.81
2025-11-05 21:51:44,21.81
2025-11-05 21:51:46,21.81
2025-11-05 21:51:48,21.81
2025-11-05 21:51:51,21.75
2025-11-05 21:51:53,21.81
2025-11-05 21:51:55,21.81
2025-11-05 21:51:58,21.81
2025-11-05 21:52:00,21.81
2025-11-05 21:52:02,21.81
2025-11-05 21:52:05,21.81
2025-11-05 21:52:07,21.81
2025-11-05 21:52:09,21.81
2025-11-05 21:52:11,21.81
2025-11-05 21:52:14,21.81
2025-11-05 21:52:16,21.81
2025-11-05 21:52:18,21.81
2025-11-05 21:52:21,21.81
2025-11-05 21:52:23,21.81
2025-11-05 21:52:25,21.81
2025-11-05 21:52:28,21.81
2025-11-05 21:52:30,21.81
2025-11-05 21:52:32,21.81
2025-11-05 21:52:34,21.81
2025-11-05 21:52:37,21.81
2025-11-05 21:52:39,21.81
2025-11-05 21:52:41,21.81
2025-11-05 21:52:44,21.81
2025-11-05 21:52:46,21.81
2025-11-05 21:52:48,21.81
2025-11-05 21:52:51,21.81
2025-11-05 21:52:53,21.81
2025-11-05 21:52:55,21.81
2025-11-05 21:52:58,21.81
2025-11-05 21:53:00,21.81
2025-11-05 21:53:02,21.81
2025-11-05 21:53:04,21.81
2025-11-05 21:53:07,21.81
2025-11-05 21:53:09,21.88
2025-11-05 21:53:11,21.81
2025-11-05 21:53:14,21.81
2025-11-05 21:53:16,21.81
2025-11-05 21:53:18,21.81
2025-11-05 21:53:21,21.81
2025-11-05 21:53:23,21.81
2025-11-05 21:53:25,21.88
2025-11-05 21:53:27,21.88
2025-11-05 21:53:30,21.81
2025-11-05 21:53:32,21.81
2025-11-05 21:53:34,21.88
2025-11-05 21:53:37,21.81
2025-11-05 21:53:39,21.81
2025-11-05 21:53:41,21.81
2025-11-05 21:53:44,21.88
2025-11-05 21:53:46,21.81
2025-11-05 21:53:48,21.81
2025-11-05 21:53:50,21.81
2025-11-05 21:53:53,21.81
2025-11-05 21:53:55,21.81
2025-11-05 21:53:57,21.81
2025-11-05 21:54:00,21.88
2025-11-05 21:54:02,21.81
2025-11-05 21:54:04,21.88
2025-11-05 21:54:07,21.88
2025-11-05 21:54:09,21.88
2025-11-05 21:54:11,21.88
2025-11-05 21:54:14,21.81
2025-11-05 21:54:16,21.81
2025-11-05 21:54:18,21.81
2025-11-05 21:54:20,21.81
2025-11-05 21:54:23,21.81
2025-11-05 21:54:25,21.81
2025-11-05 21:54:27,21.81
2025-11-05 21:54:30,21.81
2025-11-05 21:54:32,21.81
2025-11-05 21:54:34,21.81
2025-11-05 21:54:37,21.81
2025-11-05 21:54:39,21.81
2025-11-05 21:54:41,21.81
2025-11-05 21:54:43,21.81
2025-11-05 21:54:46,21.81
2025-11-05 21:54:48,21.88
2025-11-05 21:54:50,21.81
2025-11-05 21:54:53,21.81
2025-11-05 21:54:55,21.81
2025-11-05 21:54:57,21.81
2025-11-05 21:55:00,21.81
2025-11-05 21:55:02,21.88
2025-11-05 21:55:04,21.81
2025-11-05 21:55:07,21.81
2025-11-05 21:55:09,21.81
2025-11-05 21:55:11,21.81
2025-11-05 21:55:13,21.81
2025-11-05 21:55:16,21.81
2025-11-05 21:55:18,21.81
2025-11-05 21:55:20,21.81
2025-11-05 21:55:23,21.81
2025-11-05 21:55:25,21.81
2025-11-05 21:55:27,21.88
2025-11-05 21:55:30,21.81
2025-11-05 21:55:32,21.81
2025-11-05 21:55:34,21.81
2025-11-05 21:55:36,21.81
2025-11-05 21:55:39,21.81
2025-11-05 21:55:41,21.81
2025-11-05 21:55:43,21.81
2025-11-05 21:55:46,21.81
2025-11-05 21:55:48,21.81
2025-11-05 21:55:50,21.81
2025-11-05 21:55:53,21.81
2025-11-05 21:55:55,21.81
2025-11-05 21:55:57,21.81
2025-11-05 21:56:00,21.81
2025-11-05 21:56:02,21.81
2025-11-05 21:56:04,21.81
2025-11-05 21:56:06,21.81
2025-11-05 21:56:09,21.81
2025-11-05 21:56:11,21.81
2025-11-05 21:56:13,21.81
2025-11-05 21:56:16,21.81
2025-11-05 21:56:18,21.81
2025-11-05 21:56:20,21.81
2025-11-05 21:56:23,21.81
2025-11-05 21:56:25,21.81
2025-11-05 21:56:27,21.81
2025-11-05 21:56:29,21.81
2025-11-05 21:56:32,21.81
2025-11-05 21:56:34,21.81
2025-11-05 21:56:36,21.81
2025-11-05 21:56:39,21.81
2025-11-05 21:56:41,21.81
2025-11-05 21:56:43,21.81
2025-11-05 21:56:46,21.81
2025-11-05 21:56:48,21.81
2025-11-05 21:56:50,21.75
2025-11-05 21:56:53,21.81
2025-11-05 21:56:55,21.75
2025-11-05 21:56:57,21.81
2025-11-05 21:56:59,21.81
2025-11-05 21:57:02,21.75
2025-11-05 21:57:04,21.75
2025-11-05 21:57:06,21.81
2025-11-05 21:57:09,21.81
2025-11-05 21:57:11,21.75
2025-11-05 21:57:13,21.75
2025-11-05 21:57:16,21.75
2025-11-05 21:57:18,21.81
2025-11-05 21:57:20,21.75
2025-11-05 21:57:22,21.75
2025-11-05 21:57:25,21.75
2025-11-05 21:57:27,21.81
2025-11-05 21:57:29,21.81
2025-11-05 21:57:32,21.75
2025-11-05 21:57:34,21.75
2025-11-05 21:57:36,21.75
2025-11-05 21:57:39,21.81
2025-11-05 21:57:41,21.81
2025-11-05 21:57:43,21.75
2025-11-05 21:57:46,21.81
2025-11-05 21:57:48,21.81
2025-11-05 21:57:50,21.75
2025-11-05 21:57:52,21.81
2025-11-05 21:57:55,21.81
2025-11-05 21:57:57,21.81
2025-11-05 21:57:59,21.75
2025-11-05 21:58:02,21.75
2025-11-05 21:58:04,21.75
2025-11-05 21:58:06,21.75
2025-11-05 21:58:09,21.81
2025-11-05 21:58:11,21.75
2025-11-05 21:58:13,21.75
2025-11-05 21:58:15,21.75
2025-11-05 21:58:18,21.75
2025-11-05 21:58:20,21.75
2025-11-05 21:58:22,21.75
2025-11-05 21:58:25,21.75
2025-11-05 21:58:27,21.75
2025-11-05 21:58:29,21.75
2025-11-05 21:58:32,21.75
2025-11-05 21:58:34,21.75
2025-11-05 21:58:36,21.75
2025-11-05 21:58:38,21.75
2025-11-05 21:58:41,21.75
2025-11-05 21:58:43,21.75
2025-11-05 21:58:45,21.75
2025-11-05 21:58:48,21.75
2025-11-05 21:58:50,21.75
2025-11-05 21:58:52,21.75
2025-11-05 21:58:55,21.75
2025-11-05 21:58:57,21.75
2025-11-05 21:58:59,21.75
2025-11-05 21:59:02,21.75
2025-11-05 21:59:04,21.69
2025-11-05 21:59:06,21.75
2025-11-05 21:59:08,21.75
2025-11-05 21:59:11,21.75
2025-11-05 21:59:13,21.75
2025-11-05 21:59:15,21.69
2025-11-05 21:59:18,21.75
2025-11-05 21:59:20,21.75
2025-11-05 21:59:22,21.69
2025-11-05 21:59:25,21.75
2025-11-05 21:59:27,21.75
2025-11-05 21:59:29,21.75
2025-11-05 21:59:31,21.75
2025-11-05 21:59:34,21.75
2025-11-05 21:59:36,21.75
2025-11-05 21:59:38,21.75
2025-11-05 21:59:41,21.75
2025-11-05 21:59:43,21.75
2025-11-05 21:59:45,21.69
2025-11-05 21:59:48,21.69
2025-11-05 21:59:50,21.75
2025-11-05 21:59:52,21.75
2025-11-05 21:59:55,21.75
2025-11-05 21:59:57,21.75
2025-11-05 21:59:59,21.75
2025-11-05 22:00:01,21.75
2025-11-05 22:00:04,21.69
2025-11-05 22:00:06,21.69
2025-11-05 22:00:08,21.69
2025-11-05 22:00:11,21.75
2025-11-05 22:00:13,21.75
2025-11-05 22:00:15,21.69
2025-11-05 22:00:18,21.75
2025-11-05 22:00:20,21.69
2025-11-05 22:00:22,21.69
2025-11-05 22:00:24,21.69
2025-11-05 22:00:27,21.69
2025-11-05 22:00:29,21.69
2025-11-05 22:00:31,21.75
2025-11-05 22:00:34,21.69
2025-11-05 22:00:36,21.69
2025-11-05 22:00:38,21.69
2025-11-05 22:00:41,21.69
2025-11-05 22:00:43,21.69
2025-11-05 22:00:45,21.69
2025-11-05 22:00:48,21.69
2025-11-05 22:00:50,21.75
2025-11-05 22:00:52,21.69
2025-11-05 22:00:54,21.69
2025-11-05 22:00:57,21.69
2025-11-05 22:00:59,21.69
2025-11-05 22:01:01,21.69
2025-11-05 22:01:04,21.69
2025-11-05 22:01:06,21.69
2025-11-05 22:01:08,21.69
2025-11-05 22:01:11,21.69
2025-11-05 22:01:13,21.69
2025-11-05 22:01:15,21.69
2025-11-05 22:01:17,21.69
2025-11-05 22:01:20,21.69
2025-11-05 22:01:22,21.69
2025-11-05 22:01:24,21.69
2025-11-05 22:01:27,21.69
2025-11-05 22:01:29,21.69
2025-11-05 22:01:31,21.69
2025-11-05 22:01:34,21.69
2025-11-05 22:01:36,21.69
2025-11-05 22:01:38,21.69
2025-11-05 22:01:41,21.69
2025-11-05 22:01:43,21.69
2025-11-05 22:01:45,21.69
2025-11-05 22:01:47,21.69
2025-11-05 22:01:50,21.69
2025-11-05 22:01:52,21.69
2025-11-05 22:01:54,21.69
2025-11-05 22:01:57,21.62
2025-11-05 22:01:59,21.69
2025-11-05 22:02:01,21.69
2025-11-05 22:02:04,21.62
2025-11-05 22:02:06,21.69
2025-11-05 22:02:08,21.69
2025-11-05 22:02:10,21.69
2025-11-05 22:02:13,21.69
2025-11-05 22:02:15,21.69
2025-11-05 22:02:17,21.69
2025-11-05 22:02:20,21.62
2025-11-05 22:02:22,21.62
2025-11-05 22:02:24,21.69
2025-11-05 22:02:27,21.62
2025-11-05 22:02:29,21.62
2025-11-05 22:02:31,21.62
2025-11-05 22:02:34,21.62
2025-11-05 22:02:36,21.62
2025-11-05 22:02:38,21.69
2025-11-05 22:02:40,21.62
2025-11-05 22:02:43,21.62
2025-11-05 22:02:45,21.62
2025-11-05 22:02:47,21.62
2025-11-05 22:02:50,21.69
2025-11-05 22:02:52,21.62
2025-11-05 22:02:54,21.62
2025-11-05 22:02:57,21.62
2025-11-05 22:02:59,21.62
2025-11-05 22:03:01,21.62
2025-11-05 22:03:03,21.62
2025-11-05 22:03:06,21.62
2025-11-05 22:03:08,21.62
2025-11-05 22:03:10,21.62
2025-11-05 22:03:13,21.62
2025-11-05 22:03:15,21.69
2025-11-05 22:03:17,21.62
2025-11-05 22:03:20,21.62
2025-11-05 22:03:22,21.62
2025-11-05 22:03:24,21.62
2025-11-05 22:03:26,21.62
2025-11-05 22:03:29,21.62
2025-11-05 22:03:31,21.62
2025-11-05 22:03:33,21.69
2025-11-05 22:03:36,21.62
2025-11-05 22:03:38,21.62
2025-11-05 22:03:40,21.62
2025-11-05 22:03:43,21.62
2025-11-05 22:03:45,21.62
2025-11-05 22:03:47,21.62
2025-11-05 22:03:50,21.62
2025-11-05 22:03:52,21.62
2025-11-05 22:03:54,21.62
2025-11-05 22:03:56,21.62
2025-11-05 22:03:59,21.62
2025-11-05 22:04:01,21.62
2025-11-05 22:04:03,21.62
2025-11-05 22:04:06,21.62
2025-11-05 22:04:08,21.62
2025-11-05 22:04:10,21.56
2025-11-05 22:04:13,21.62
2025-11-05 22:04:15,21.62
2025-11-05 22:04:17,21.56
2025-11-05 22:04:19,21.62
2025-11-05 22:04:22,21.56
2025-11-05 22:04:24,21.56
2025-11-05 22:04:26,21.62
2025-11-05 22:04:29,21.62
2025-11-05 22:04:31,21.62
2025-11-05 22:04:33,21.62
2025-11-05 22:04:36,21.56
2025-11-05 22:04:38,21.56
2025-11-05 22:04:40,21.56
2025-11-05 22:04:43,21.56
2025-11-05 22:04:45,21.56
2025-11-05 22:04:47,21.56
2025-11-05 22:04:49,21.62
2025-11-05 22:04:52,21.62
2025-11-05 22:04:54,21.56
2025-11-05 22:04:56,21.56
2025-11-05 22:04:59,21.62
2025-11-05 22:05:01,21.56
2025-11-05 22:05:03,21.56
2025-11-05 22:05:06,21.56
2025-11-05 22:05:08,21.62
2025-11-05 22:05:10,21.56
2025-11-05 22:05:12,21.56
2025-11-05 22:05:15,21.56
2025-11-05 22:05:17,21.56
2025-11-05 22:05:19,21.56
2025-11-05 22:05:22,21.56
2025-11-05 22:05:24,21.56
2025-11-05 22:05:26,21.62
2025-11-05 22:05:29,21.56
2025-11-05 22:05:31,21.56
2025-11-05 22:05:33,21.56
2025-11-05 22:05:36,21.56
2025-11-05 22:05:38,21.56
2025-11-05 22:05:40,21.56
2025-11-05 22:05:42,21.56
2025-11-05 22:05:45,21.56
2025-11-05 22:05:47,21.56
2025-11-05 22:05:49,21.56
2025-11-05 22:05:52,21.56
2025-11-05 22:05:54,21.56
2025-11-05 22:05:56,21.56
2025-11-05 22:05:59,21.56
2025-11-05 22:06:01,21.56
2025-11-05 22:06:03,21.56
2025-11-05 22:06:06,21.56
2025-11-05 22:06:08,21.56
2025-11-05 22:06:10,21.56
2025-11-05 22:06:12,21.56
2025-11-05 22:06:15,21.56
2025-11-05 22:06:17,21.56
2025-11-05 22:06:19,21.56
2025-11-05 22:06:22,21.62
2025-11-05 22:06:24,21.56
2025-11-05 22:06:26,21.56
2025-11-05 22:06:29,21.56
2025-11-05 22:06:31,21.56
2025-11-05 22:06:33,21.56
2025-11-05 22:06:35,21.56
2025-11-05 22:06:38,21.56
2025-11-05 22:06:40,21.56
2025-11-05 22:06:42,21.56
2025-11-05 22:06:45,21.56
2025-11-05 22:06:47,21.56
2025-11-05 22:06:49,21.56
2025-11-05 22:06:52,21.56
2025-11-05 22:06:54,21.56
2025-11-05 22:06:56,21.56
2025-11-05 22:06:58,21.56
2025-11-05 22:07:01,21.56
2025-11-05 22:07:03,21.56
2025-11-05 22:07:05,21.56
2025-11-05 22:07:08,21.56
2025-11-05 22:07:10,21.56
2025-11-05 22:07:12,21.56
2025-11-05 22:07:15,21.56
2025-11-05 22:07:17,21.56
2025-11-05 22:07:19,21.56
2025-11-05 22:07:22,21.56
2025-11-05 22:07:24,21.56
2025-11-05 22:07:26,21.56
2025-11-05 22:07:28,21.56
2025-11-05 22:07:31,21.56
2025-11-05 22:07:33,21.56
2025-11-05 22:07:35,21.56
2025-11-05 22:07:38,21.56
2025-11-05 22:07:40,21.56
2025-11-05 22:07:42,21.56
2025-11-05 22:07:45,21.56
2025-11-05 22:07:47,21.56
2025-11-05 22:07:49,21.56
2025-11-05 22:07:51,21.56
2025-11-05 22:07:54,21.56
2025-11-05 22:07:56,21.56
2025-11-05 22:07:58,21.50
2025-11-05 22:08:01,21.56
2025-11-05 22:08:03,21.56
2025-11-05 22:08:05,21.56
2025-11-05 22:08:08,21.56
2025-11-05 22:08:10,21.56
2025-11-05 22:08:12,21.56
2025-11-05 22:08:15,21.56
2025-11-05 22:08:17,21.56
2025-11-05 22:08:19,21.56
2025-11-05 22:08:21,21.56
2025-11-05 22:08:24,21.56
2025-11-05 22:08:26,21.56
2025-11-05 22:08:28,21.56
2025-11-05 22:08:31,21.56
2025-11-05 22:08:33,21.56
2025-11-05 22:08:35,21.56
2025-11-05 22:08:38,21.56
2025-11-05 22:08:40,21.56
2025-11-05 22:08:42,21.56
2025-11-05 22:08:44,21.56
2025-11-05 22:08:47,21.56
2025-11-05 22:08:49,21.50
2025-11-05 22:08:51,21.56
2025-11-05 22:08:54,21.56
2025-11-05 22:08:56,21.50
2025-11-05 22:08:58,21.56
2025-11-05 22:09:01,21.56
2025-11-05 22:09:03,21.56
2025-11-05 22:09:05,21.56
2025-11-05 22:09:08,21.50
2025-11-05 22:09:10,21.56
2025-11-05 22:09:12,21.56
2025-11-05 22:09:14,21.50
2025-11-05 22:09:17,21.50
2025-11-05 22:09:19,21.50
2025-11-05 22:09:21,21.50
2025-11-05 22:09:24,21.50
2025-11-05 22:09:26,21.50
2025-11-05 22:09:28,21.50
2025-11-05 22:09:31,21.56
2025-11-05 22:09:33,21.50
2025-11-05 22:09:35,21.50
2025-11-05 22:09:37,21.50
2025-11-05 22:09:40,21.50
2025-11-05 22:09:42,21.50
2025-11-05 22:09:44,21.50
2025-11-05 22:09:47,21.56
2025-11-05 22:09:49,21.50
2025-11-05 22:09:51,21.56
2025-11-05 22:09:54,21.50
2025-11-05 22:09:56,21.50
2025-11-05 22:09:58,21.56
2025-11-05 22:10:01,21.50
2025-11-05 22:10:03,21.50
2025-11-05 22:10:05,21.50
2025-11-05 22:10:07,21.50
2025-11-05 22:10:10,21.50
2025-11-05 22:10:12,21.50
2025-11-05 22:10:14,21.50
2025-11-05 22:10:17,21.56
2025-11-05 22:10:19,21.50
2025-11-05 22:10:21,21.50
2025-11-05 22:10:24,21.56
2025-11-05 22:10:26,21.50
2025-11-05 22:10:28,21.50
2025-11-05 22:10:30,21.50
2025-11-05 22:10:33,21.56
2025-11-05 22:10:35,21.50
2025-11-05 22:10:37,21.50
2025-11-05 22:10:40,21.56
2025-11-05 22:10:42,21.50
2025-11-05 22:10:44,21.50
2025-11-05 22:10:47,21.50
2025-11-05 22:10:49,21.50
2025-11-05 22:10:51,21.50
2025-11-05 22:10:54,21.50
2025-11-05 22:10:56,21.56
2025-11-05 22:10:58,21.50
2025-11-05 22:11:00,21.50
2025-11-05 22:11:03,21.50
2025-11-05 22:11:05,21.50
2025-11-05 22:11:07,21.50
2025-11-05 22:11:10,21.50
2025-11-05 22:11:12,21.50
2025-11-05 22:11:14,21.50
2025-11-05 22:11:17,21.50
2025-11-05 22:11:19,21.50
2025-11-05 22:11:21,21.50
2025-11-05 22:11:23,21.50
2025-11-05 22:11:26,21.50
2025-11-05 22:11:28,21.50
2025-11-05 22:11:30,21.50
2025-11-05 22:11:33,21.50
2025-11-05 22:11:35,21.50
2025-11-05 22:11:37,21.50
2025-11-05 22:11:40,21.56
2025-11-05 22:11:42,21.50
2025-11-05 22:11:44,21.50
2025-11-05 22:11:46,21.50
2025-11-05 22:11:49,21.50
2025-11-05 22:11:51,21.50
2025-11-05 22:11:53,21.50
2025-11-05 22:11:56,21.50
2025-11-05 22:11:58,21.50
2025-11-05 22:12:00,21.50
2025-11-05 22:12:03,21.50
2025-11-05 22:12:05,21.50
2025-11-05 22:12:07,21.50
2025-11-05 22:12:10,21.56
2025-11-05 22:12:12,21.50
2025-11-05 22:12:14,21.50
2025-11-05 22:12:16,21.50
2025-11-05 22:12:19,21.50
2025-11-05 22:12:21,21.56
2025-11-05 22:12:23,21.50
2025-11-05 22:12:26,21.50
2025-11-05 22:12:28,21.50
2025-11-05 22:12:30,21.50
2025-11-05 22:12:33,21.50
2025-11-05 22:12:35,21.50
2025-11-05 22:12:37,21.50
2025-11-05 22:12:39,21.50
2025-11-05 22:12:42,21.50
2025-11-05 22:12:44,21.50
2025-11-05 22:12:46,21.50
2025-11-05 22:12:49,21.50
2025-11-05 22:12:51,21.50
2025-11-05 22:12:53,21.50
2025-11-05 22:12:56,21.50
2025-11-05 22:12:58,21.50
2025-11-05 22:13:00,21.50
2025-11-05 22:13:03,21.50
2025-11-05 22:13:05,21.50
2025-11-05 22:13:07,21.50
2025-11-05 22:13:09,21.50
2025-11-05 22:13:12,21.50
2025-11-05 22:13:14,21.50
2025-11-05 22:13:16,21.50
2025-11-05 22:13:19,21.50
2025-11-05 22:13:21,21.50
2025-11-05 22:13:23,21.50
2025-11-05 22:13:26,21.50
2025-11-05 22:13:28,21.50
2025-11-05 22:13:30,21.50
2025-11-05 22:13:32,21.50
2025-11-05 22:13:35,21.50
2025-11-05 22:13:37,21.50
2025-11-05 22:13:39,21.44
2025-11-05 22:13:42,21.50
2025-11-05 22:13:44,21.50
2025-11-05 22:13:46,21.50
2025-11-05 22:13:49,21.50
2025-11-05 22:13:51,21.50
2025-11-05 22:13:53,21.50
2025-11-05 22:13:56,21.44
2025-11-05 22:13:58,21.44
2025-11-05 22:14:00,21.50
2025-11-05 22:14:02,21.44
2025-11-05 22:14:05,21.50
2025-11-05 22:14:07,21.50
2025-11-05 22:14:09,21.44
2025-11-05 22:14:12,21.50
2025-11-05 22:14:14,21.50
2025-11-05 22:14:16,21.50
2025-11-05 22:14:19,21.50
2025-11-05 22:14:21,21.50
2025-11-05 22:14:23,21.50
2025-11-05 22:14:25,21.50
2025-11-05 22:14:28,21.50
2025-11-05 22:14:30,21.50
2025-11-05 22:14:32,21.50
2025-11-05 22:14:35,21.50
2025-11-05 22:14:37,21.50
2025-11-05 22:14:39,21.50
2025-11-05 22:14:42,21.50
2025-11-05 22:14:44,21.50
2025-11-05 22:14:46,21.44
2025-11-05 22:14:49,21.50
2025-11-05 22:14:51,21.50
2025-11-05 22:14:53,21.50
2025-11-05 22:14:55,21.50
2025-11-05 22:14:58,21.50
2025-11-05 22:15:00,21.50
2025-11-05 22:15:02,21.50
2025-11-05 22:15:05,21.50
2025-11-05 22:15:07,21.50
2025-11-05 22:15:09,21.50
2025-11-05 22:15:12,21.50
2025-11-05 22:15:14,21.50
2025-11-05 22:15:16,21.50
2025-11-05 22:15:18,21.50
2025-11-05 22:15:21,21.50
2025-11-05 22:15:23,21.50
2025-11-05 22:15:25,21.50
2025-11-05 22:15:28,21.50
2025-11-05 22:15:30,21.50
2025-11-05 22:15:32,21.50
2025-11-05 22:15:35,21.50
2025-11-05 22:15:37,21.50
2025-11-05 22:15:39,21.50
2025-11-05 22:15:42,21.50
2025-11-05 22:15:44,21.56
2025-11-05 22:15:46,21.50
2025-11-05 22:15:48,21.50
2025-11-05 22:15:51,21.50
2025-11-05 22:15:53,21.50
2025-11-05 22:15:55,21.50
2025-11-05 22:15:58,21.50
2025-11-05 22:16:00,21.50
2025-11-05 22:16:02,21.50
2025-11-05 22:16:05,21.50
2025-11-05 22:16:07,21.50
2025-11-05 22:16:09,21.50
2025-11-05 22:16:11,21.50
2025-11-05 22:16:14,21.50
2025-11-05 22:16:16,21.50
2025-11-05 22:16:18,21.50
2025-11-05 22:16:21,21.50
2025-11-05 22:16:23,21.50
2025-11-05 22:16:25,21.50
2025-11-05 22:16:28,21.50
2025-11-05 22:16:30,21.50
2025-11-05 22:16:32,21.50
2025-11-05 22:16:34,21.50
2025-11-05 22:16:37,21.56
2025-11-05 22:16:39,21.50
2025-11-05 22:16:41,21.50
2025-11-05 22:16:44,21.50
2025-11-05 22:16:46,21.50
2025-11-05 22:16:48,21.50
2025-11-05 22:16:51,21.56
2025-11-05 22:16:53,21.56
2025-11-05 22:16:55,21.56
2025-11-05 22:16:58,21.56
2025-11-05 22:17:00,21.50
2025-11-05 22:17:02,21.50
2025-11-05 22:17:04,21.56
2025-11-05 22:17:07,21.50
2025-11-05 22:17:09,21.56
2025-11-05 22:17:11,21.56
2025-11-05 22:17:14,21.56
2025-11-05 22:17:16,21.50
2025-11-05 22:17:18,21.50
2025-11-05 22:17:21,21.56
2025-11-05 22:17:23,21.50
2025-11-05 22:17:25,21.56
2025-11-05 22:17:27,21.50
2025-11-05 22:17:30,21.56
2025-11-05 22:17:32,21.56
2025-11-05 22:17:34,21.56
2025-11-05 22:17:37,21.56
2025-11-05 22:17:39,21.56
2025-11-05 22:17:41,21.56
2025-11-05 22:17:44,21.56
2025-11-05 22:17:46,21.56
2025-11-05 22:17:48,21.56
2025-11-05 22:17:51,21.56
2025-11-05 22:17:53,21.56
2025-11-05 22:17:55,21.56
2025-11-05 22:17:57,21.56
2025-11-05 22:18:00,21.56
2025-11-05 22:18:02,21.56
2025-11-05 22:18:04,21.56
2025-11-05 22:18:07,21.56
2025-11-05 22:18:09,21.56
2025-11-05 22:18:11,21.56
2025-11-05 22:18:14,21.62
2025-11-05 22:18:16,21.56
2025-11-05 22:18:18,21.56
2025-11-05 22:18:20,21.56
2025-11-05 22:18:23,21.56
2025-11-05 22:18:25,21.62
2025-11-05 22:18:27,21.62
2025-11-05 22:18:30,21.62
2025-11-05 22:18:32,21.62
2025-11-05 22:18:34,21.56
2025-11-05 22:18:37,21.62
2025-11-05 22:18:39,21.62
2025-11-05 22:18:41,21.62
2025-11-05 22:18:44,21.62
2025-11-05 22:18:46,21.62
2025-11-05 22:18:48,21.62
2025-11-05 22:18:50,21.62
2025-11-05 22:18:53,21.62
2025-11-05 22:18:55,21.62
2025-11-05 22:18:57,21.62
2025-11-05 22:19:00,21.62
2025-11-05 22:19:02,21.62
2025-11-05 22:19:04,21.62
2025-11-05 22:19:07,21.62
2025-11-05 22:19:09,21.62
2025-11-05 22:19:11,21.62
2025-11-05 22:19:13,21.62
2025-11-05 22:19:16,21.62
2025-11-05 22:19:18,21.62
2025-11-05 22:19:20,21.69
2025-11-05 22:19:23,21.62
2025-11-05 22:19:25,21.62
2025-11-05 22:19:27,21.62
2025-11-05 22:19:30,21.69
2025-11-05 22:19:32,21.62
2025-11-05 22:19:34,21.62
2025-11-05 22:19:37,21.62
2025-11-05 22:19:39,21.69
2025-11-05 22:19:41,21.69
2025-11-05 22:19:43,21.69
2025-11-05 22:19:46,21.69
2025-11-05 22:19:48,21.69
2025-11-05 22:19:50,21.69
2025-11-05 22:19:53,21.69
2025-11-05 22:19:55,21.69
2025-11-05 22:19:57,21.62
2025-11-05 22:20:00,21.69
2025-11-05 22:20:02,21.69
2025-11-05 22:20:04,21.62
2025-11-05 22:20:06,21.69
2025-11-05 22:20:09,21.62
2025-11-05 22:20:11,21.69
2025-11-05 22:20:13,21.69
2025-11-05 22:20:16,21.69
2025-11-05 22:20:18,21.69
2025-11-05 22:20:20,21.69
2025-11-05 22:20:23,21.69
2025-11-05 22:20:25,21.69
2025-11-05 22:20:27,21.69
2025-11-05 22:20:29,21.69
2025-11-05 22:20:32,21.69
2025-11-05 22:20:34,21.69
2025-11-05 22:20:36,21.69
2025-11-05 22:20:39,21.69
2025-11-05 22:20:41,21.69
2025-11-05 22:20:43,21.69
2025-11-05 22:20:46,21.69
2025-11-05 22:20:48,21.69
2025-11-05 22:20:50,21.69
2025-11-05 22:20:53,21.69
2025-11-05 22:20:55,21.69
2025-11-05 22:20:57,21.69
2025-11-05 22:20:59,21.69
2025-11-05 22:21:02,21.69
2025-11-05 22:21:04,21.69
2025-11-05 22:21:06,21.69
2025-11-05 22:21:09,21.69
2025-11-05 22:21:11,21.75
2025-11-05 22:21:13,21.69
2025-11-05 22:21:16,21.75
2025-11-05 22:21:18,21.75
2025-11-05 22:21:20,21.75
2025-11-05 22:21:22,21.69
2025-11-05 22:21:25,21.75
2025-11-05 22:21:27,21.69
2025-11-05 22:21:29,21.75
2025-11-05 22:21:32,21.75
2025-11-05 22:21:34,21.75
2025-11-05 22:21:36,21.75
2025-11-05 22:21:39,21.75
2025-11-05 22:21:41,21.75
2025-11-05 22:21:43,21.69
2025-11-05 22:21:46,21.75
2025-11-05 22:21:48,21.75
2025-11-05 22:21:50,21.75
2025-11-05 22:21:52,21.75
2025-11-05 22:21:55,21.75
2025-11-05 22:21:57,21.75
2025-11-05 22:21:59,21.75
2025-11-05 22:22:02,21.75
2025-11-05 22:22:04,21.75
2025-11-05 22:22:06,21.75
2025-11-05 22:22:09,21.81
2025-11-05 22:22:11,21.75
2025-11-05 22:22:13,21.75
2025-11-05 22:22:15,21.75
2025-11-05 22:22:18,21.75
2025-11-05 22:22:20,21.75
2025-11-05 22:22:22,21.75
2025-11-05 22:22:25,21.81
2025-11-05 22:22:27,21.81
2025-11-05 22:22:29,21.81
2025-11-05 22:22:32,21.81
2025-11-05 22:22:34,21.81
2025-11-05 22:22:36,21.81
2025-11-05 22:22:39,21.81
2025-11-05 22:22:41,21.81
2025-11-05 22:22:43,21.81
2025-11-05 22:22:45,21.81
2025-11-05 22:22:48,21.81
2025-11-05 22:22:50,21.81
2025-11-05 22:22:52,21.81
2025-11-05 22:22:55,21.81
2025-11-05 22:22:57,21.81
2025-11-05 22:22:59,21.81
2025-11-05 22:23:02,21.81
2025-11-05 22:23:04,21.81
2025-11-05 22:23:06,21.81
2025-11-05 22:23:08,21.81
2025-11-05 22:23:11,21.81
2025-11-05 22:23:13,21.81
2025-11-05 22:23:15,21.81
2025-11-05 22:23:18,21.81
2025-11-05 22:23:20,21.81
2025-11-05 22:23:22,21.81
2025-11-05 22:23:25,21.81
2025-11-05 22:23:27,21.81
2025-11-05 22:23:29,21.81
2025-11-05 22:23:32,21.81
2025-11-05 22:23:34,21.81
2025-11-05 22:23:36,21.81
2025-11-05 22:23:38,21.81
2025-11-05 22:23:41,21.81
2025-11-05 22:23:43,21.88
2025-11-05 22:23:45,21.81
2025-11-05 22:23:48,21.81
2025-11-05 22:23:50,21.81
2025-11-05 22:23:52,21.88
2025-11-05 22:23:55,21.81
2025-11-05 22:23:57,21.81
2025-11-05 22:23:59,21.88
2025-11-05 22:24:01,21.88
2025-11-05 22:24:04,21.88
2025-11-05 22:24:06,21.81
2025-11-05 22:24:08,21.81
2025-11-05 22:24:11,21.88
2025-11-05 22:24:13,21.81
2025-11-05 22:24:15,21.88
2025-11-05 22:24:18,21.88
2025-11-05 22:24:20,21.88
2025-11-05 22:24:22,21.88
2025-11-05 22:24:25,21.88
2025-11-05 22:24:27,21.81
2025-11-05 22:24:29,21.81
2025-11-05 22:24:31,21.81
2025-11-05 22:24:34,21.88
2025-11-05 22:24:36,21.88
2025-11-05 22:24:38,21.88
2025-11-05 22:24:41,21.88
2025-11-05 22:24:43,21.81
2025-11-05 22:24:45,21.88
2025-11-05 22:24:48,21.88
2025-11-05 22:24:50,21.88
2025-11-05 22:24:52,21.81
2025-11-05 22:24:54,21.88
2025-11-05 22:24:57,21.81
2025-11-05 22:24:59,21.88
2025-11-05 22:25:01,21.88
2025-11-05 22:25:04,21.88
2025-11-05 22:25:06,21.88
2025-11-05 22:25:08,21.88
2025-11-05 22:25:11,21.88
2025-11-05 22:25:13,21.88
2025-11-05 22:25:15,21.88
2025-11-05 22:25:18,21.88
2025-11-05 22:25:20,21.88
2025-11-05 22:25:22,21.88
2025-11-05 22:25:24,21.88
2025-11-05 22:25:27,21.88
2025-11-05 22:25:29,21.88
2025-11-05 22:25:31,21.88
2025-11-05 22:25:34,21.88
2025-11-05 22:25:36,21.88
2025-11-05 22:25:38,21.88
2025-11-05 22:25:41,21.88
2025-11-05 22:25:43,21.88
2025-11-05 22:25:45,21.88
2025-11-05 22:25:47,21.88
2025-11-05 22:25:50,21.88
2025-11-05 22:25:52,21.88
2025-11-05 22:25:54,21.88
2025-11-05 22:25:57,21.88
2025-11-05 22:25:59,21.88
2025-11-05 22:26:01,21.88
2025-11-05 22:26:04,21.88
2025-11-05 22:26:06,21.88
2025-11-05 22:26:08,21.88
2025-11-05 22:26:10,21.88
2025-11-05 22:26:13,21.88
2025-11-05 22:26:15,21.88
2025-11-05 22:26:17,21.88
2025-11-05 22:26:20,21.88
2025-11-05 22:26:22,21.88
2025-11-05 22:26:24,21.88
2025-11-05 22:26:27,21.88
2025-11-05 22:26:29,21.88
2025-11-05 22:26:31,21.94
2025-11-05 22:26:34,21.88
2025-11-05 22:26:36,21.88
2025-11-05 22:26:38,21.88
2025-11-05 22:26:40,21.88
2025-11-05 22:26:43,21.88
2025-11-05 22:26:45,21.88
2025-11-05 22:26:47,21.88
2025-11-05 22:26:50,21.88
2025-11-05 22:26:52,21.94
2025-11-05 22:26:54,21.94
2025-11-05 22:26:57,21.88
2025-11-05 22:26:59,21.94
2025-11-05 22:27:01,21.88
2025-11-05 22:27:03,21.88
2025-11-05 22:27:06,21.88
2025-11-05 22:27:08,21.88
2025-11-05 22:27:10,21.94
2025-11-05 22:27:13,21.88
2025-11-05 22:27:15,21.88
2025-11-05 22:27:17,21.88
2025-11-05 22:27:20,21.88
2025-11-05 22:27:22,21.88
2025-11-05 22:27:24,21.88
2025-11-05 22:27:27,21.88
2025-11-05 22:27:29,21.88
2025-11-05 22:27:31,21.88
2025-11-05 22:27:34,21.88
2025-11-05 22:27:36,21.88
2025-11-05 22:27:38,21.88
2025-11-05 22:27:40,21.88
2025-11-05 22:27:43,21.88
2025-11-05 22:27:45,21.88
2025-11-05 22:27:47,21.88
2025-11-05 22:27:50,21.88
2025-11-05 22:27:52,21.88
2025-11-05 22:27:54,21.88
2025-11-05 22:27:57,21.94
2025-11-05 22:27:59,21.88
2025-11-05 22:28:01,21.88
2025-11-05 22:28:03,21.88
2025-11-05 22:28:06,21.88
2025-11-05 22:28:08,21.88
2025-11-05 22:28:10,21.88
2025-11-05 22:28:13,21.88
2025-11-05 22:28:15,21.88
2025-11-05 22:28:17,21.88
2025-11-05 22:28:20,21.88
2025-11-05 22:28:22,21.88
2025-11-05 22:28:24,21.88
2025-11-05 22:28:26,21.88
2025-11-05 22:28:29,21.88
2025-11-05 22:28:31,21.88
2025-11-05 22:28:33,21.88
2025-11-05 22:28:36,21.88
2025-11-05 22:28:38,21.88
2025-11-05 22:28:40,21.88
2025-11-05 22:28:43,21.88
2025-11-05 22:28:45,21.88
2025-11-05 22:28:47,21.88
2025-11-05 22:28:50,21.88
2025-11-05 22:28:52,21.88
2025-11-05 22:28:54,21.88
2025-11-05 22:28:56,21.88
2025-11-05 22:28:59,21.88
2025-11-05 22:29:01,21.88
2025-11-05 22:29:03,21.88
2025-11-05 22:29:06,21.88
2025-11-05 22:29:08,21.88
2025-11-05 22:29:10,21.88
2025-11-05 22:29:13,21.88
2025-11-05 22:29:15,21.88
2025-11-05 22:29:17,21.88
2025-11-05 22:29:19,21.88
2025-11-05 22:29:22,21.88
2025-11-05 22:29:24,21.88
2025-11-05 22:29:26,21.88
2025-11-05 22:29:29,21.88
2025-11-05 22:29:31,21.88
2025-11-05 22:29:33,21.88
2025-11-05 22:29:36,21.88
2025-11-05 22:29:38,21.88
2025-11-05 22:29:40,21.88
2025-11-05 22:29:43,21.88
2025-11-05 22:29:45,21.81
2025-11-05 22:29:47,21.88
2025-11-05 22:29:49,21.88
2025-11-05 22:29:52,21.88
2025-11-05 22:29:54,21.88
2025-11-05 22:29:56,21.88
2025-11-05 22:29:59,21.88
2025-11-05 22:30:01,21.88
2025-11-05 22:30:03,21.88
2025-11-05 22:30:06,21.88
2025-11-05 22:30:08,21.81
2025-11-05 22:30:10,21.81
2025-11-05 22:30:12,21.88
2025-11-05 22:30:15,21.88
2025-11-05 22:30:17,21.88
2025-11-05 22:30:19,21.88
2025-11-05 22:30:22,21.88
2025-11-05 22:30:24,21.81
2025-11-05 22:30:26,21.88
2025-11-05 22:30:29,21.81
2025-11-05 22:30:31,21.81
2025-11-05 22:30:33,21.88
2025-11-05 22:30:36,21.81
2025-11-05 22:30:38,21.88
2025-11-05 22:30:40,21.88
2025-11-05 22:30:42,21.88
2025-11-05 22:30:45,21.81
2025-11-05 22:30:47,21.88
2025-11-05 22:30:49,21.81
2025-11-05 22:30:52,21.88
2025-11-05 22:30:54,21.88
2025-11-05 22:30:56,21.88
2025-11-05 22:30:59,21.88
2025-11-05 22:31:01,21.81
2025-11-05 22:31:03,21.81
2025-11-05 22:31:05,21.81
2025-11-05 22:31:08,21.88
2025-11-05 22:31:10,21.88
2025-11-05 22:31:12,21.88
2025-11-05 22:31:15,21.88
2025-11-05 22:31:17,21.81
2025-11-05 22:31:19,21.88
2025-11-05 22:31:22,21.88
2025-11-05 22:31:24,21.88
2025-11-05 22:31:26,21.88
2025-11-05 22:31:29,21.88
2025-11-05 22:31:31,21.88
2025-11-05 22:31:33,21.88
2025-11-05 22:31:35,21.88
2025-11-05 22:31:38,21.88
2025-11-05 22:31:40,21.81
2025-11-05 22:31:42,21.88
2025-11-05 22:31:45,21.81
2025-11-05 22:31:47,21.88
2025-11-05 22:31:49,21.81
2025-11-05 22:31:52,21.81
2025-11-05 22:31:54,21.88
2025-11-05 22:31:56,21.81
2025-11-05 22:31:58,21.88
2025-11-05 22:32:01,21.81
2025-11-05 22:32:03,21.88
2025-11-05 22:32:05,21.81
2025-11-05 22:32:08,21.88
2025-11-05 22:32:10,21.81
2025-11-05 22:32:12,21.88
2025-11-05 22:32:15,21.88
2025-11-05 22:32:17,21.81
2025-11-05 22:32:19,21.81
2025-11-05 22:32:22,21.81
2025-11-05 22:32:24,21.81
2025-11-05 22:32:26,21.88
2025-11-05 22:32:28,21.81
2025-11-05 22:32:31,21.81
2025-11-05 22:32:33,21.81
2025-11-05 22:32:35,21.81
2025-11-05 22:32:38,21.81
2025-11-05 22:32:40,21.81
2025-11-05 22:32:42,21.81
2025-11-05 22:32:45,21.81
2025-11-05 22:32:47,21.81
2025-11-05 22:32:49,21.81
2025-11-05 22:32:51,21.81
2025-11-05 22:32:54,21.81
2025-11-05 22:32:56,21.81
2025-11-05 22:32:58,21.81
2025-11-05 22:33:01,21.81
2025-11-05 22:33:03,21.81
2025-11-05 22:33:05,21.81
2025-11-05 22:33:08,21.81
2025-11-05 22:33:10,21.81
2025-11-05 22:33:12,21.81
2025-11-05 22:33:14,21.81
2025-11-05 22:33:17,21.81
2025-11-05 22:33:19,21.81
2025-11-05 22:33:21,21.81
2025-11-05 22:33:24,21.81
2025-11-05 22:33:26,21.81
2025-11-05 22:33:28,21.81
2025-11-05 22:33:31,21.81
2025-11-05 22:33:33,21.81
2025-11-05 22:33:35,21.81
2025-11-05 22:33:38,21.75
2025-11-05 22:33:40,21.75
2025-11-05 22:33:42,21.81
2025-11-05 22:33:44,21.75
2025-11-05 22:33:47,21.81
2025-11-05 22:33:49,21.81
2025-11-05 22:33:51,21.81
2025-11-05 22:33:54,21.81
2025-11-05 22:33:56,21.81
2025-11-05 22:33:58,21.81
2025-11-05 22:34:01,21.75
2025-11-05 22:34:03,21.81
2025-11-05 22:34:05,21.75
2025-11-05 22:34:07,21.75
2025-11-05 22:34:10,21.75
2025-11-05 22:34:12,21.75
2025-11-05 22:34:14,21.75
2025-11-05 22:34:17,21.75
2025-11-05 22:34:19,21.81
2025-11-05 22:34:21,21.75
2025-11-05 22:34:24,21.81
2025-11-05 22:34:26,21.75
2025-11-05 22:34:28,21.81
2025-11-05 22:34:31,21.75
2025-11-05 22:34:33,21.75
2025-11-05 22:34:35,21.75
2025-11-05 22:34:37,21.75
2025-11-05 22:34:40,21.81
2025-11-05 22:34:42,21.75
2025-11-05 22:34:44,21.75
2025-11-05 22:34:47,21.75
2025-11-05 22:34:49,21.81
2025-11-05 22:34:51,21.75
2025-11-05 22:34:54,21.75
2025-11-05 22:34:56,21.75
2025-11-05 22:34:58,21.75
2025-11-05 22:35:00,21.75
2025-11-05 22:35:03,21.81
2025-11-05 22:35:05,21.75
2025-11-05 22:35:07,21.75
2025-11-05 22:35:10,21.75
2025-11-05 22:35:12,21.75
2025-11-05 22:35:14,21.75
2025-11-05 22:35:17,21.75
2025-11-05 22:35:19,21.75
2025-11-05 22:35:21,21.75
2025-11-05 22:35:24,21.75
2025-11-05 22:35:26,21.75
2025-11-05 22:35:28,21.75
2025-11-05 22:35:30,21.75
2025-11-05 22:35:33,21.75
2025-11-05 22:35:35,21.75
2025-11-05 22:35:37,21.75
2025-11-05 22:35:40,21.75
2025-11-05 22:35:42,21.75
2025-11-05 22:35:44,21.75
2025-11-05 22:35:47,21.75
2025-11-05 22:35:49,21.75
2025-11-05 22:35:51,21.75
2025-11-05 22:35:53,21.75
2025-11-05 22:35:56,21.75
2025-11-05 22:35:58,21.75
2025-11-05 22:36:00,21.75
2025-11-05 22:36:03,21.75
2025-11-05 22:36:05,21.75
2025-11-05 22:36:07,21.75
2025-11-05 22:36:10,21.75
2025-11-05 22:36:12,21.75
2025-11-05 22:36:14,21.75
2025-11-05 22:36:17,21.75
2025-11-05 22:36:19,21.75
2025-11-05 22:36:21,21.75
2025-11-05 22:36:23,21.75
2025-11-05 22:36:26,21.75
2025-11-05 22:36:28,21.75
2025-11-05 22:36:30,21.75
2025-11-05 22:36:33,21.75
2025-11-05 22:36:35,21.75
2025-11-05 22:36:37,21.75
2025-11-05 22:36:40,21.75
2025-11-05 22:36:42,21.75
2025-11-05 22:36:44,21.75
2025-11-05 22:36:46,21.75
2025-11-05 22:36:49,21.75
2025-11-05 22:36:51,21.75
2025-11-05 22:36:53,21.75
2025-11-05 22:36:56,21.69
2025-11-05 22:36:58,21.75
2025-11-05 22:37:00,21.75
2025-11-05 22:37:03,21.75
2025-11-05 22:37:05,21.75
2025-11-05 22:37:07,21.75
2025-11-05 22:37:10,21.75
2025-11-05 22:37:12,21.75
2025-11-05 22:37:14,21.75
2025-11-05 22:37:16,21.75
2025-11-05 22:37:19,21.75
2025-11-05 22:37:21,21.75
2025-11-05 22:37:23,21.75
2025-11-05 22:37:26,21.75
2025-11-05 22:37:28,21.75
2025-11-05 22:37:30,21.75
2025-11-05 22:37:33,21.69
2025-11-05 22:37:35,21.75
2025-11-05 22:37:37,21.69
2025-11-05 22:37:39,21.75
2025-11-05 22:37:42,21.69
2025-11-05 22:37:44,21.69
2025-11-05 22:37:46,21.75
2025-11-05 22:37:49,21.69
2025-11-05 22:37:51,21.69
2025-11-05 22:37:53,21.69
2025-11-05 22:37:56,21.75
2025-11-05 22:37:58,21.75
2025-11-05 22:38:00,21.75
2025-11-05 22:38:03,21.69
2025-11-05 22:38:05,21.69
2025-11-05 22:38:07,21.69
2025-11-05 22:38:09,21.75
2025-11-05 22:38:12,21.69
2025-11-05 22:38:14,21.69
2025-11-05 22:38:16,21.75
2025-11-05 22:38:19,21.69
2025-11-05 22:38:21,21.69
2025-11-05 22:38:23,21.69
2025-11-05 22:38:26,21.69
2025-11-05 22:38:28,21.69
2025-11-05 22:38:30,21.75
2025-11-05 22:38:32,21.69
2025-11-05 22:38:35,21.69
2025-11-05 22:38:37,21.75
2025-11-05 22:38:39,21.69
2025-11-05 22:38:42,21.69
2025-11-05 22:38:44,21.69
2025-11-05 22:38:46,21.69
2025-11-05 22:38:49,21.69
2025-11-05 22:38:51,21.69
2025-11-05 22:38:53,21.69
2025-11-05 22:38:56,21.69
2025-11-05 22:38:58,21.69
2025-11-05 22:39:00,21.62
2025-11-05 22:39:02,21.62
2025-11-05 22:39:05,21.62
2025-11-05 22:39:07,21.69
2025-11-05 22:39:09,21.69
2025-11-05 22:39:12,21.62
2025-11-05 22:39:14,21.69
2025-11-05 22:39:16,21.69
2025-11-05 22:39:19,21.69
2025-11-05 22:39:21,21.69
2025-11-05 22:39:23,21.69
2025-11-05 22:39:25,21.75
2025-11-05 22:39:28,21.75
2025-11-05 22:39:30,21.69
2025-11-05 22:39:32,21.69
2025-11-05 22:39:35,21.69
2025-11-05 22:39:37,21.69
2025-11-05 22:39:39,21.69
2025-11-05 22:39:42,21.75
2025-11-05 22:39:44,21.69
2025-11-05 22:39:46,21.75
2025-11-05 22:39:49,21.75
2025-11-05 22:39:51,21.81
2025-11-05 22:39:53,21.81
2025-11-05 22:39:55,21.88
2025-11-05 22:39:58,21.88
2025-11-05 22:40:00,21.94
2025-11-05 22:40:02,22.00
2025-11-05 22:40:05,22.00
2025-11-05 22:40:07,22.00
2025-11-05 22:40:09,22.06
2025-11-05 22:40:12,22.06
2025-11-05 22:40:14,22.06
2025-11-05 22:40:16,22.06
2025-11-05 22:40:18,22.12
2025-11-05 22:40:21,22.12
2025-11-05 22:40:23,22.12
2025-11-05 22:40:25,22.19
2025-11-05 22:40:28,22.12
2025-11-05 22:40:30,22.19
2025-11-05 22:40:32,22.19
2025-11-05 22:40:35,22.25
2025-11-05 22:40:37,22.19
2025-11-05 22:40:39,22.25
2025-11-05 22:40:42,22.25
2025-11-05 22:40:44,22.25
2025-11-05 22:40:46,22.25
2025-11-05 22:40:48,22.25
2025-11-05 22:40:51,22.25
2025-11-05 22:40:53,22.25
2025-11-05 22:40:55,22.25
2025-11-05 22:40:58,22.31
2025-11-05 22:41:00,22.31
2025-11-05 22:41:02,22.31
2025-11-05 22:41:05,22.31
2025-11-05 22:41:07,22.31
2025-11-05 22:41:09,22.38
2025-11-05 22:41:11,22.44
2025-11-05 22:41:14,22.44
2025-11-05 22:41:16,22.56
2025-11-05 22:41:18,22.62
2025-11-05 22:41:21,22.75
2025-11-05 22:41:23,22.94
2025-11-05 22:41:25,23.06
2025-11-05 22:41:28,23.19
2025-11-05 22:41:30,23.50
2025-11-05 22:41:32,23.62
2025-11-05 22:41:34,24.06
2025-11-05 22:41:37,24.44
2025-11-05 22:41:39,24.81
2025-11-05 22:41:41,25.06
2025-11-05 22:41:44,25.31
2025-11-05 22:41:46,25.56
2025-11-05 22:41:48,25.88
2025-11-05 22:41:51,26.25
2025-11-05 22:41:53,26.50
2025-11-05 22:41:55,26.75
2025-11-05 22:41:58,26.88
2025-11-05 22:42:00,26.88
2025-11-05 22:42:02,26.94
2025-11-05 22:42:04,26.88
2025-11-05 22:42:07,26.88
2025-11-05 22:42:09,26.81
2025-11-05 22:42:11,26.81
2025-11-05 22:42:14,26.81
2025-11-05 22:42:16,26.75
2025-11-05 22:42:18,26.69
2025-11-05 22:42:21,26.69
2025-11-05 22:42:23,26.62
2025-11-05 22:42:25,26.56
2025-11-05 22:42:27,26.50
2025-11-05 22:42:30,26.50
2025-11-05 22:42:32,26.44
2025-11-05 22:42:34,26.38
2025-11-05 22:42:37,26.38
2025-11-05 22:42:39,26.31
2025-11-05 22:42:41,26.25
2025-11-05 22:42:44,26.25
2025-11-05 22:42:46,26.19
2025-11-05 22:42:48,26.12
2025-11-05 22:42:51,26.12
2025-11-05 22:42:53,26.06
2025-11-05 22:42:55,26.06
2025-11-05 22:42:57,26.00
2025-11-05 22:43:00,26.00
2025-11-05 22:43:02,25.94
2025-11-05 22:43:04,25.88
2025-11-05 22:43:07,25.81
2025-11-05 22:43:09,25.75
2025-11-05 22:43:11,25.75
2025-11-05 22:43:14,25.69
2025-11-05 22:43:16,25.69
2025-11-05 22:43:18,25.62
2025-11-05 22:43:20,25.56
2025-11-05 22:43:23,25.56
2025-11-05 22:43:25,25.50
2025-11-05 22:43:27,25.50
2025-11-05 22:43:30,25.44
2025-11-05 22:43:32,25.38
2025-11-05 22:43:34,25.38
2025-11-05 22:43:37,25.31
2025-11-05 22:43:39,25.31
2025-11-05 22:43:41,25.25
2025-11-05 22:43:44,25.12
2025-11-05 22:43:46,25.12
2025-11-05 22:43:48,25.06
2025-11-05 22:43:50,25.00
2025-11-05 22:43:53,25.00
2025-11-05 22:43:55,24.94
2025-11-05 22:43:57,24.88
2025-11-05 22:44:00,24.81
2025-11-05 22:44:02,24.69
2025-11-05 22:44:04,24.69
2025-11-05 22:44:07,24.62
2025-11-05 22:44:09,24.56
2025-11-05 22:44:11,24.50
2025-11-05 22:44:13,24.50
2025-11-05 22:44:16,24.44
2025-11-05 22:44:18,24.44
2025-11-05 22:44:20,24.38
2025-11-05 22:44:23,24.38
2025-11-05 22:44:25,24.31
2025-11-05 22:44:27,24.31
2025-11-05 22:44:30,24.31
2025-11-05 22:44:32,24.25
2025-11-05 22:44:34,24.25
2025-11-05 22:44:37,24.25
2025-11-05 22:44:39,24.19
2025-11-05 22:44:41,24.12
2025-11-05 22:44:43,24.12
2025-11-05 22:44:46,24.06
2025-11-05 22:44:48,24.06
2025-11-05 22:44:50,24.06
2025-11-05 22:44:53,24.00
2025-11-05 22:44:55,24.00
2025-11-05 22:44:57,23.94
2025-11-05 22:45:00,23.88
2025-11-05 22:45:02,23.88
2025-11-05 22:45:04,23.88
2025-11-05 22:45:06,23.81
2025-11-05 22:45:09,23.81
2025-11-05 22:45:11,23.81
2025-11-05 22:45:13,23.75
2025-11-05 22:45:16,23.75
2025-11-05 22:45:18,23.75
2025-11-05 22:45:20,23.69
2025-11-05 22:45:23,23.69
2025-11-05 22:45:25,23.69
2025-11-05 22:45:27,23.69
2025-11-05 22:45:30,23.62
2025-11-05 22:45:32,23.62
2025-11-05 22:45:34,23.62
2025-11-05 22:45:36,23.56
2025-11-05 22:45:39,23.56
2025-11-05 22:45:41,23.50
2025-11-05 22:45:43,23.44
2025-11-05 22:45:46,23.50
2025-11-05 22:45:48,23.44
2025-11-05 22:45:50,23.44
2025-11-05 22:45:53,23.38
2025-11-05 22:45:55,23.38
2025-11-05 22:45:57,23.38
2025-11-05 22:45:59,23.31
2025-11-05 22:46:02,23.31
2025-11-05 22:46:04,23.31
2025-11-05 22:46:06,23.31
2025-11-05 22:46:09,23.25
2025-11-05 22:46:11,23.25
2025-11-05 22:46:13,23.19
2025-11-05 22:46:16,23.19
2025-11-05 22:46:18,23.12
2025-11-05 22:46:20,23.19
2025-11-05 22:46:22,23.06
2025-11-05 22:46:25,23.12
2025-11-05 22:46:27,23.06
2025-11-05 22:46:29,23.06
2025-11-05 22:46:32,23.06
2025-11-05 22:46:34,23.00
2025-11-05 22:46:36,23.00
2025-11-05 22:46:39,23.00
2025-11-05 22:46:41,22.94
2025-11-05 22:46:43,23.00
2025-11-05 22:46:46,22.94
2025-11-05 22:46:48,22.88
2025-11-05 22:46:50,22.88
2025-11-05 22:46:52,22.88
2025-11-05 22:46:55,22.88
2025-11-05 22:46:57,22.81
2025-11-05 22:46:59,22.81
2025-11-05 22:47:02,22.81
2025-11-05 22:47:04,22.81
2025-11-05 22:47:06,22.75
2025-11-05 22:47:09,22.75
2025-11-05 22:47:11,22.75
2025-11-05 22:47:13,22.75
2025-11-05 22:47:16,22.69
2025-11-05 22:47:18,22.69
2025-11-05 22:47:20,22.69
2025-11-05 22:47:22,22.69
2025-11-05 22:47:25,22.62
2025-11-05 22:47:27,22.62
2025-11-05 22:47:29,22.62
2025-11-05 22:47:32,22.62
2025-11-05 22:47:34,22.62
2025-11-05 22:47:36,22.62
2025-11-05 22:47:39,22.62
2025-11-05 22:47:41,22.56
2025-11-05 22:47:43,22.56
2025-11-05 22:47:45,22.50
2025-11-05 22:47:48,22.56
2025-11-05 22:47:50,22.50
2025-11-05 22:47:52,22.50
2025-11-05 22:47:55,22.50
2025-11-05 22:47:57,22.50
2025-11-05 22:47:59,22.44
2025-11-05 22:48:02,22.44
2025-11-05 22:48:04,22.44
2025-11-05 22:48:06,22.38
2025-11-05 22:48:09,22.44
2025-11-05 22:48:11,22.38
2025-11-05 22:48:13,22.38
2025-11-05 22:48:15,22.38
2025-11-05 22:48:18,22.38
2025-11-05 22:48:20,22.38
2025-11-05 22:48:22,22.38
2025-11-05 22:48:25,22.31
2025-11-05 22:48:27,22.31
2025-11-05 22:48:29,22.31
2025-11-05 22:48:32,22.31
2025-11-05 22:48:34,22.25
                                                                                                                                                                                                                                                                                                                        2025-11-14 23:23:37,21.38
2025-11-14 23:23:39,21.38
2025-11-14 23:23:41,21.38
2025-11-14 23:23:44,21.38
2025-11-14 23:23:46,21.38
2025-11-14 23:23:48,21.38
2025-11-14 23:23:51,21.38
2025-11-14 23:23:53,21.44
2025-11-14 23:23:55,21.38
2025-11-14 23:23:57,21.38
2025-11-14 23:24:00,21.38
2025-11-14 23:24:02,21.44
2025-11-14 23:24:04,21.38
2025-11-14 23:24:07,21.38
2025-11-14 23:24:09,21.38
2025-11-14 23:24:11,21.44
2025-11-14 23:24:14,21.38
2025-11-14 23:24:16,21.38
2025-11-14 23:24:18,21.38
2025-11-14 23:24:20,21.38
2025-11-14 23:24:23,21.38
2025-11-14 23:24:25,21.38
2025-11-14 23:24:27,21.38
2025-11-14 23:24:30,21.38
2025-11-14 23:24:32,21.38
2025-11-14 23:24:34,21.38
2025-11-14 23:24:37,21.38
2025-11-14 23:24:39,21.38
2025-11-14 23:24:41,21.38
2025-11-14 23:24:44,21.38
2025-11-14 23:24:46,21.38
2025-11-14 23:24:48,21.38
2025-11-14 23:24:50,21.38
2025-11-14 23:24:53,21.38
2025-11-14 23:24:55,21.38
2025-11-14 23:24:57,21.38
2025-11-14 23:25:00,21.38
2025-11-14 23:25:02,21.38
2025-11-14 23:25:04,21.38
2025-11-14 23:25:07,21.38
2025-11-14 23:25:09,21.38
2025-11-14 23:25:11,21.38
2025-11-14 23:25:13,21.38
2025-11-14 23:25:16,21.44
2025-11-14 23:25:18,21.38
2025-11-14 23:25:20,21.38
2025-11-14 23:25:23,21.38
2025-11-14 23:25:25,21.38
2025-11-14 23:25:27,21.38
2025-11-14 23:25:30,21.38
2025-11-14 23:25:32,21.38
2025-11-14 23:25:34,21.31
2025-11-14 23:25:37,21.38
2025-11-14 23:25:39,21.38
2025-11-14 23:25:41,21.31
2025-11-14 23:25:43,21.38
2025-11-14 23:25:46,21.38
2025-11-14 23:25:48,21.38
2025-11-14 23:25:50,21.38
2025-11-14 23:25:53,21.38
2025-11-14 23:25:55,21.38
2025-11-14 23:25:57,21.38
2025-11-14 23:26:00,21.38
2025-11-14 23:26:02,21.38
2025-11-14 23:26:04,21.38
2025-11-14 23:26:06,21.38
2025-11-14 23:26:09,21.38
2025-11-14 23:26:11,21.38
2025-11-14 23:26:13,21.38
2025-11-14 23:26:16,21.38
2025-11-14 23:26:18,21.38
2025-11-14 23:26:20,21.38
2025-11-14 23:26:23,21.31
2025-11-14 23:26:25,21.38
2025-11-14 23:26:27,21.38
2025-11-14 23:26:30,21.38
2025-11-14 23:26:32,21.38
2025-11-14 23:26:34,21.38
2025-11-14 23:26:36,21.38
2025-11-14 23:26:39,21.31
2025-11-14 23:26:41,21.38
2025-11-14 23:26:43,21.38
2025-11-14 23:26:46,21.31
2025-11-14 23:26:48,21.38
2025-11-14 23:26:50,21.38
2025-11-14 23:26:53,21.38
2025-11-14 23:26:55,21.38
2025-11-14 23:26:57,21.31
2025-11-14 23:26:59,21.31
2025-11-14 23:27:02,21.38
2025-11-14 23:27:04,21.38
2025-11-14 23:27:06,21.31
2025-11-14 23:27:09,21.31
2025-11-14 23:27:11,21.38
2025-11-14 23:27:13,21.38
2025-11-14 23:27:16,21.31
2025-11-14 23:27:18,21.31
2025-11-14 23:27:20,21.38
2025-11-14 23:27:22,21.38
2025-11-14 23:27:25,21.31
2025-11-14 23:27:27,21.38
2025-11-14 23:27:29,21.31
2025-11-14 23:27:32,21.38
2025-11-14 23:27:34,21.31
2025-11-14 23:27:36,21.31
2025-11-14 23:27:39,21.38
2025-11-14 23:27:41,21.31
2025-11-14 23:27:43,21.31
2025-11-14 23:27:46,21.31
2025-11-14 23:27:48,21.31
2025-11-14 23:27:50,21.38
2025-11-14 23:27:52,21.31
2025-11-14 23:27:55,21.38
2025-11-14 23:27:57,21.31
2025-11-14 23:27:59,21.38
2025-11-14 23:28:02,21.31
2025-11-14 23:28:04,21.31
2025-11-14 23:28:06,21.31
2025-11-14 23:28:09,21.31
2025-11-14 23:28:11,21.31
2025-11-14 23:28:13,21.31
2025-11-14 23:28:15,21.31
2025-11-14 23:28:18,21.31
2025-11-14 23:28:20,21.31
2025-11-14 23:28:22,21.31
2025-11-14 23:28:25,21.31
2025-11-14 23:28:27,21.38
2025-11-14 23:28:29,21.31
2025-11-14 23:28:32,21.31
2025-11-14 23:28:34,21.31
2025-11-14 23:28:36,21.31
2025-11-14 23:28:39,21.31
2025-11-14 23:28:41,21.31
2025-11-14 23:28:43,21.31
2025-11-14 23:28:45,21.31
2025-11-14 23:28:48,21.31
2025-11-14 23:28:50,21.31
2025-11-14 23:28:52,21.31
2025-11-14 23:28:55,21.31
2025-11-14 23:28:57,21.31
2025-11-14 23:28:59,21.31
2025-11-14 23:29:02,21.31
2025-11-14 23:29:04,21.38
2025-11-14 23:29:06,21.31
2025-11-14 23:29:08,21.31
2025-11-14 23:29:11,21.31
2025-11-14 23:29:13,21.31
2025-11-14 23:29:15,21.31
2025-11-14 23:29:18,21.31
2025-11-14 23:29:20,21.31
2025-11-14 23:29:22,21.31
2025-11-14 23:29:25,21.31
2025-11-14 23:29:27,21.31
2025-11-14 23:29:29,21.31
2025-11-14 23:29:32,21.31
2025-11-14 23:29:34,21.31
2025-11-14 23:29:36,21.31
2025-11-14 23:29:38,21.31
2025-11-14 23:29:41,21.31
2025-11-14 23:29:43,21.31
2025-11-14 23:29:45,21.31
2025-11-14 23:29:48,21.31
2025-11-14 23:29:50,21.31
2025-11-14 23:29:52,21.31
2025-11-14 23:29:55,21.31
2025-11-14 23:29:57,21.31
2025-11-14 23:29:59,21.31
2025-11-14 23:30:01,21.31
2025-11-14 23:30:04,21.31
2025-11-14 23:30:06,21.31
2025-11-14 23:30:08,21.31
2025-11-14 23:30:11,21.31
2025-11-14 23:30:13,21.31
2025-11-14 23:30:15,21.31
2025-11-14 23:30:18,21.31
2025-11-14 23:30:20,21.31
2025-11-14 23:30:22,21.31
2025-11-14 23:30:25,21.31
2025-11-14 23:30:27,21.31
2025-11-14 23:30:29,21.31
2025-11-14 23:30:31,21.31
2025-11-14 23:30:34,21.31
2025-11-14 23:30:36,21.31
2025-11-14 23:30:38,21.31
2025-11-14 23:30:41,21.31
2025-11-14 23:30:43,21.31
2025-11-14 23:30:45,21.25
2025-11-14 23:30:48,21.31
2025-11-14 23:30:50,21.31
2025-11-14 23:30:52,21.31
2025-11-14 23:30:54,21.31
2025-11-14 23:30:57,21.31
2025-11-14 23:30:59,21.25
2025-11-14 23:31:01,21.31
2025-11-14 23:31:04,21.31
2025-11-14 23:31:06,21.31
2025-11-14 23:31:08,21.31
2025-11-14 23:31:11,21.31
2025-11-14 23:31:13,21.31
2025-11-14 23:31:15,21.31
2025-11-14 23:31:18,21.31
2025-11-14 23:31:20,21.31
2025-11-14 23:31:22,21.25
2025-11-14 23:31:24,21.31
2025-11-14 23:31:27,21.31
2025-11-14 23:31:29,21.31
2025-11-14 23:31:31,21.31
2025-11-14 23:31:34,21.31
2025-11-14 23:31:36,21.31
2025-11-14 23:31:38,21.31
2025-11-14 23:31:41,21.31
2025-11-14 23:31:43,21.31
2025-11-14 23:31:45,21.31
2025-11-14 23:31:47,21.31
2025-11-14 23:31:50,21.31
2025-11-14 23:31:52,21.25
2025-11-14 23:31:54,21.31
2025-11-14 23:31:57,21.31
2025-11-14 23:31:59,21.31
2025-11-14 23:32:01,21.31
2025-11-14 23:32:04,21.31
2025-11-14 23:32:06,21.25
2025-11-14 23:32:08,21.31
2025-11-14 23:32:10,21.25
2025-11-14 23:32:13,21.31
2025-11-14 23:32:15,21.25
2025-11-14 23:32:17,21.25
2025-11-14 23:32:20,21.31
2025-11-14 23:32:22,21.31
2025-11-14 23:32:24,21.31
2025-11-14 23:32:27,21.31
2025-11-14 23:32:29,21.31
2025-11-14 23:32:31,21.25
2025-11-14 23:32:34,21.31
2025-11-14 23:32:36,21.25
2025-11-14 23:32:38,21.31
2025-11-14 23:32:40,21.31
2025-11-14 23:32:43,21.31
2025-11-14 23:32:45,21.31
2025-11-14 23:32:47,21.31
2025-11-14 23:32:50,21.31
2025-11-14 23:32:52,21.31
2025-11-14 23:32:54,21.31
2025-11-14 23:32:57,21.31
2025-11-14 23:32:59,21.31
2025-11-14 23:33:01,21.25
2025-11-14 23:33:04,21.25
2025-11-14 23:33:06,21.25
2025-11-14 23:33:08,21.31
2025-11-14 23:33:10,21.31
2025-11-14 23:33:13,21.25
2025-11-14 23:33:15,21.25
2025-11-14 23:33:17,21.25
2025-11-14 23:33:20,21.31
2025-11-14 23:33:22,21.31
2025-11-14 23:33:24,21.25
2025-11-14 23:33:27,21.31
2025-11-14 23:33:29,21.25
2025-11-14 23:33:31,21.31
2025-11-14 23:33:33,21.25
2025-11-14 23:33:36,21.31
2025-11-14 23:33:38,21.25
2025-11-14 23:33:40,21.25
2025-11-14 23:33:43,21.25
2025-11-14 23:33:45,21.31
2025-11-14 23:33:47,21.31
2025-11-14 23:33:50,21.31
2025-11-14 23:33:52,21.25
2025-11-14 23:33:54,21.31
2025-11-14 23:33:57,21.25
2025-11-14 23:33:59,21.31
2025-11-14 23:34:01,21.25
2025-11-14 23:34:03,21.25
2025-11-14 23:34:06,21.25
2025-11-14 23:34:08,21.25
2025-11-14 23:34:10,21.25
2025-11-14 23:34:13,21.31
2025-11-14 23:34:15,21.25
2025-11-14 23:34:17,21.31
2025-11-14 23:34:20,21.25
2025-11-14 23:34:22,21.25
2025-11-14 23:34:24,21.31
2025-11-14 23:34:26,21.31
2025-11-14 23:34:29,21.25
2025-11-14 23:34:31,21.25
2025-11-14 23:34:33,21.25
2025-11-14 23:34:36,21.25
2025-11-14 23:34:38,21.25
2025-11-14 23:34:40,21.25
2025-11-14 23:34:43,21.25
2025-11-14 23:34:45,21.25
2025-11-14 23:34:47,21.25
2025-11-14 23:34:50,21.25
2025-11-14 23:34:52,21.31
2025-11-14 23:34:54,21.31
2025-11-14 23:34:56,21.31
2025-11-14 23:34:59,21.25
2025-11-14 23:35:01,21.25
2025-11-14 23:35:03,21.31
2025-11-14 23:35:06,21.25
2025-11-14 23:35:08,21.25
2025-11-14 23:35:10,21.25
2025-11-14 23:35:13,21.25
2025-11-14 23:35:15,21.25
2025-11-14 23:35:17,21.31
2025-11-14 23:35:19,21.31
2025-11-14 23:35:22,21.31
2025-11-14 23:35:24,21.25
2025-11-14 23:35:26,21.25
2025-11-14 23:35:29,21.25
2025-11-14 23:35:31,21.31
2025-11-14 23:35:33,21.31
2025-11-14 23:35:36,21.31
2025-11-14 23:35:38,21.25
2025-11-14 23:35:40,21.31
2025-11-14 23:35:42,21.25
2025-11-14 23:35:45,21.31
2025-11-14 23:35:47,21.25
2025-11-14 23:35:49,21.25
2025-11-14 23:35:52,21.25
2025-11-14 23:35:54,21.25
2025-11-14 23:35:56,21.25
2025-11-14 23:35:59,21.31
2025-11-14 23:36:01,21.31
2025-11-14 23:36:03,21.31
2025-11-14 23:36:06,21.25
2025-11-14 23:36:08,21.31
2025-11-14 23:36:10,21.31
2025-09-09 09:42:19,21.44
2025-09-09 09:42:22,21.44
2025-09-09 09:42:24,21.44
2025-09-09 09:42:26,21.44
2025-09-09 09:42:29,21.44
2025-09-09 09:42:31,21.44
2025-09-09 09:42:33,21.44
2025-09-09 09:42:35,21.38
2025-09-09 09:42:38,21.44
2025-09-09 09:42:40,21.44
2025-09-09 09:42:42,21.44
2025-09-09 09:42:45,21.38
2025-09-09 09:42:47,21.38
2025-09-09 09:42:49,21.38
2025-09-09 09:42:52,21.38
2025-09-09 09:42:54,21.38
2025-09-09 09:42:56,21.38
2025-09-09 09:42:59,21.38
2025-09-09 09:43:01,21.38
2025-09-09 09:43:03,21.38
2025-09-09 09:43:05,21.38
2025-09-09 09:43:08,21.38
2025-09-09 09:43:10,21.38
2025-09-09 09:43:12,21.38
2025-09-09 09:43:15,21.38
2025-09-09 09:43:17,21.31
2025-09-09 09:43:19,21.31
2025-09-09 09:43:22,21.38
2025-09-09 09:43:24,21.38
2025-09-09 09:43:26,21.31
2025-09-09 09:43:28,21.31
2025-09-09 09:43:31,21.31
2025-09-09 09:43:33,21.31
2025-09-09 09:43:35,21.31
2025-09-09 09:43:38,21.31
2025-09-09 09:43:40,21.38
2025-09-09 09:43:42,21.31
2025-09-09 09:43:45,21.31
2025-09-09 09:43:47,21.31
2025-09-09 09:43:49,21.31
2025-09-09 09:43:52,21.31
2025-09-09 09:43:54,21.31
2025-09-09 09:43:56,21.31
2025-09-09 09:43:58,21.31
2025-09-09 09:44:01,21.31
2025-09-09 09:44:03,21.31
2025-09-09 09:44:05,21.31
2025-09-09 09:44:08,21.31
2025-09-09 09:44:10,21.31
2025-09-09 09:44:12,21.31
2025-09-09 09:44:15,21.31
2025-09-09 09:44:17,21.31
2025-09-09 09:44:19,21.31
2025-09-09 09:44:21,21.25
2025-09-09 09:44:24,21.31
2025-09-09 09:44:26,21.31
2025-09-09 09:44:28,21.25
2025-09-09 09:44:31,21.31
2025-09-09 09:44:33,21.31
2025-09-09 09:44:35,21.31
2025-09-09 09:44:38,21.31
2025-09-09 09:44:40,21.25
2025-09-09 09:44:42,21.31
2025-09-09 09:44:45,21.25
2025-09-09 09:44:47,21.31
2025-09-09 09:44:49,21.25
2025-09-09 09:44:51,21.31
2025-09-09 09:44:54,21.31
2025-09-09 09:44:56,21.31
2025-09-09 09:44:58,21.31
2025-09-09 09:45:01,21.25
2025-09-09 09:45:03,21.31
2025-09-09 09:45:05,21.25
2025-09-09 09:45:08,21.25
2025-09-09 09:45:10,21.25
2025-09-09 09:45:12,21.25
2025-09-09 09:45:14,21.25
2025-09-09 09:45:17,21.25
2025-09-09 09:45:19,21.25
2025-09-09 09:45:21,21.25
2025-09-09 09:45:24,21.25
2025-09-09 09:45:26,21.25
2025-09-09 09:45:28,21.25
2025-09-09 09:45:31,21.25
2025-09-09 09:45:33,21.25
2025-09-09 09:45:35,21.25
2025-09-09 09:45:37,21.25
2025-09-09 09:45:40,21.25
2025-09-09 09:45:42,21.25
2025-09-09 09:45:44,21.25
2025-09-09 09:45:47,21.25
2025-09-09 09:45:49,21.25
2025-09-09 09:45:51,21.25
2025-09-09 09:45:54,21.25
2025-09-09 09:45:56,21.25
2025-09-09 09:45:58,21.25
2025-09-09 09:46:01,21.25
2025-09-09 09:46:03,21.25
2025-09-09 09:46:05,21.19
2025-09-09 09:46:07,21.19
2025-09-09 09:46:10,21.25
2025-09-09 09:46:12,21.19
2025-09-09 09:46:14,21.19
2025-09-09 09:46:17,21.25
2025-09-09 09:46:19,21.25
2025-09-09 09:46:21,21.25
2025-09-09 09:46:24,21.19
2025-09-09 09:46:26,21.19
2025-09-09 09:46:28,21.19
2025-09-09 09:46:30,21.25
2025-09-09 09:46:33,21.19
2025-09-09 09:46:35,21.19
2025-09-09 09:46:37,21.19
2025-09-09 09:46:40,21.19
2025-09-09 09:46:42,21.19
2025-09-09 09:46:44,21.19
2025-09-09 09:46:47,21.19
2025-09-09 09:46:49,21.19
2025-09-09 09:46:51,21.19
2025-09-09 09:46:54,21.19
2025-09-09 09:46:56,21.19
2025-09-09 09:46:58,21.19
2025-09-09 09:47:00,21.19
2025-09-09 09:47:03,21.19
2025-09-09 09:47:05,21.19
2025-09-09 09:47:07,21.19
2025-09-09 09:47:10,21.19
2025-09-09 09:47:12,21.19
2025-09-09 09:47:14,21.19
2025-09-09 09:47:17,21.19
2025-09-09 09:47:19,21.12
2025-09-09 09:47:21,21.19
2025-09-09 09:47:24,21.19
2025-09-09 09:47:26,21.19
2025-09-09 09:47:28,21.19
2025-09-09 09:47:30,21.19
2025-09-09 09:47:33,21.19
2025-09-09 09:47:35,21.19
2025-09-09 09:47:37,21.19
2025-09-09 09:47:40,21.19
2025-09-09 09:47:42,21.19
2025-09-09 09:47:44,21.19
2025-09-09 09:47:47,21.19
2025-09-09 09:47:49,21.19
2025-09-09 09:47:51,21.19
2025-09-09 09:47:53,21.19
2025-09-09 09:47:56,21.19
2025-09-09 09:47:58,21.19
2025-09-09 09:48:00,21.19
2025-09-09 09:48:03,21.19
2025-09-09 09:48:05,21.19
2025-09-09 09:48:07,21.19
2025-09-09 09:48:10,21.19
2025-09-09 09:48:12,21.19
2025-09-09 09:48:14,21.19
2025-09-09 09:48:17,21.12
2025-09-09 09:48:19,21.19
2025-09-09 09:48:21,21.19
2025-09-09 09:48:23,21.19
2025-09-09 09:48:26,21.19
2025-09-09 09:48:28,21.19
2025-09-09 09:48:30,21.19
2025-09-09 09:48:33,21.12
2025-09-09 09:48:35,21.19
2025-09-09 09:48:37,21.19
2025-09-09 09:48:40,21.19
2025-09-09 09:48:42,21.19
2025-09-09 09:48:44,21.12
2025-09-09 09:48:46,21.19
2025-09-09 09:48:49,21.12
2025-09-09 09:48:51,21.12
2025-09-09 09:48:53,21.12
2025-09-09 09:48:56,21.12
2025-09-09 09:48:58,21.12
2025-09-09 09:49:00,21.12
2025-09-09 09:49:03,21.12
2025-09-09 09:49:05,21.12
2025-09-09 09:49:07,21.12
2025-09-09 09:49:10,21.12
2025-09-09 09:49:12,21.12
2025-09-09 09:49:14,21.12
2025-09-09 09:49:16,21.12
2025-09-09 09:49:19,21.12
2025-09-09 09:49:21,21.12
2025-09-09 09:49:23,21.12
2025-09-09 09:49:26,21.12
2025-09-09 09:49:28,21.12
2025-09-09 09:49:30,21.12
2025-09-09 09:49:33,21.12
2025-09-09 09:49:35,21.12
2025-09-09 09:49:37,21.19
2025-09-09 09:49:39,21.12
2025-09-09 09:49:42,21.19
2025-09-09 09:49:44,21.19
2025-09-09 09:49:46,21.12
2025-09-09 09:49:49,21.12
2025-09-09 09:49:51,21.12
2025-09-09 09:49:53,21.12
2025-09-09 09:49:56,21.12
2025-09-09 09:49:58,21.12
2025-09-09 09:50:00,21.12
2025-09-09 09:50:03,21.19
2025-09-09 09:50:05,21.12
2025-09-09 09:50:07,21.12
2025-09-09 09:50:09,21.12
2025-09-09 09:50:12,21.19
2025-09-09 09:50:14,21.12
2025-09-09 09:50:16,21.19
2025-09-09 09:50:19,21.12
2025-09-09 09:50:21,21.12
2025-09-09 09:50:23,21.12
2025-09-09 09:50:26,21.12
2025-09-09 09:50:28,21.12
2025-09-09 09:50:30,21.19
2025-09-09 09:50:32,21.12
2025-09-09 09:50:35,21.12
2025-09-09 09:50:37,21.12
2025-09-09 09:50:39,21.12
2025-09-09 09:50:42,21.12
2025-09-09 09:50:44,21.19
2025-09-09 09:50:46,21.12
2025-09-09 09:50:49,21.12
2025-09-09 09:50:51,21.12
2025-09-09 09:50:53,21.12
2025-09-09 09:50:56,21.12
2025-09-09 09:50:58,21.12
2025-09-09 09:51:00,21.12
2025-09-09 09:51:02,21.12
2025-09-09 09:51:05,21.12
2025-09-09 09:51:07,21.12
2025-09-09 09:51:09,21.12
2025-09-09 09:51:12,21.12
2025-09-09 09:51:14,21.12
2025-09-09 09:51:16,21.12
2025-09-09 09:51:19,21.12
2025-09-09 09:51:21,21.06
2025-09-09 09:51:23,21.12
2025-09-09 09:51:25,21.12
2025-09-09 09:51:28,21.12
2025-09-09 09:51:30,21.12
2025-09-09 09:51:32,21.12
2025-09-09 09:51:35,21.12
2025-09-09 09:51:37,21.12
2025-09-09 09:51:39,21.12
2025-09-09 09:51:42,21.12
2025-09-09 09:51:44,21.12
2025-09-09 09:51:46,21.12
2025-09-09 09:51:49,21.12
2025-09-09 09:51:51,21.12
2025-09-09 09:51:53,21.12
2025-09-09 09:51:55,21.12
2025-09-09 09:51:58,21.12
2025-09-09 09:52:00,21.12
2025-09-09 09:52:02,21.12
2025-09-09 09:52:05,21.12
2025-09-09 09:52:07,21.12
2025-09-09 09:52:09,21.12
2025-09-09 09:52:12,21.06
2025-09-09 09:52:14,21.12
2025-09-09 09:52:16,21.19
2025-09-09 09:52:18,21.25
2025-09-09 09:52:21,21.31
2025-09-09 09:52:23,21.31
2025-09-09 09:52:25,21.38
2025-09-09 09:52:28,21.44
2025-09-09 09:52:30,21.44
2025-09-09 09:52:32,21.50
2025-09-09 09:52:35,21.56
2025-09-09 09:52:37,21.56
2025-09-09 09:52:39,21.62
2025-09-09 09:52:42,21.69
2025-09-09 09:52:44,21.69
2025-09-09 09:52:46,21.69
2025-09-09 09:52:48,21.75
2025-09-09 09:52:51,21.75
2025-09-09 09:52:53,21.81
2025-09-09 09:52:55,21.81
2025-09-09 09:52:58,21.88
2025-09-09 09:53:00,21.88
2025-09-09 09:53:02,21.94
2025-09-09 09:53:05,21.94
2025-09-09 09:53:07,21.94
2025-09-09 09:53:09,21.94
2025-09-09 09:53:12,22.00
2025-09-09 09:53:14,22.00
2025-09-09 09:53:16,22.00
2025-09-09 09:53:18,22.06
2025-09-09 09:53:21,22.06
2025-09-09 09:53:23,22.12
2025-09-09 09:53:25,22.12
2025-09-09 09:53:28,22.12
2025-09-09 09:53:30,22.12
2025-09-09 09:53:32,22.12
2025-09-09 09:53:35,22.19
2025-09-09 09:53:37,22.19
2025-09-09 09:53:39,22.19
2025-09-09 09:53:41,22.19
2025-09-09 09:53:44,22.25
2025-09-09 09:53:46,22.25
2025-09-09 09:53:48,22.19
2025-09-09 09:53:51,22.25
2025-09-09 09:53:53,22.25
2025-09-09 09:53:55,22.25
2025-09-09 09:53:58,22.25
2025-09-09 09:54:00,22.31
2025-09-09 09:54:02,22.31
2025-09-09 09:54:05,22.25
2025-09-09 09:54:07,22.31
2025-09-09 09:54:09,22.31
2025-09-09 09:54:11,22.31
2025-09-09 09:54:14,22.31
2025-09-09 09:54:16,22.31
2025-09-09 09:54:18,22.31
2025-09-09 09:54:21,22.31
2025-09-09 09:54:23,22.31
2025-09-09 09:54:25,22.31
2025-09-09 09:54:28,22.31
2025-09-09 09:54:30,22.31
2025-09-09 09:54:32,22.38
2025-09-09 09:54:34,22.31
2025-09-09 09:54:37,22.31
2025-09-09 09:54:39,22.31
2025-09-09 09:54:41,22.38
2025-09-09 09:54:44,22.38
2025-09-09 09:54:46,22.38
2025-09-09 09:54:48,22.38
2025-09-09 09:54:51,22.38
2025-09-09 09:54:53,22.38
2025-09-09 09:54:55,22.38
2025-09-09 09:54:57,22.38
2025-09-09 09:55:00,22.38
2025-09-09 09:55:02,22.38
2025-09-09 09:55:04,22.38
2025-09-09 09:55:07,22.38
2025-09-09 09:55:09,22.38
2025-09-09 09:55:11,22.38
2025-09-09 09:55:14,22.38
2025-09-09 09:55:16,22.38
2025-09-09 09:55:18,22.38
2025-09-09 09:55:21,22.38
2025-09-09 09:55:23,22.38
2025-09-09 09:55:25,22.38
2025-09-09 09:55:27,22.38
2025-09-09 09:55:30,22.38
2025-09-09 09:55:32,22.38
2025-09-09 09:55:34,22.38
2025-09-09 09:55:37,22.38
2025-09-09 09:55:39,22.38
2025-09-09 09:55:41,22.38
2025-09-09 09:55:44,22.38
2025-09-09 09:55:46,22.38
2025-09-09 09:55:48,22.38
2025-09-09 09:55:51,22.38
2025-09-09 09:55:53,22.38
2025-09-09 09:55:55,22.38
2025-09-09 09:55:57,22.38
2025-09-09 09:56:00,22.38
2025-09-09 09:56:02,22.38
2025-09-09 09:56:04,22.38
2025-09-09 09:56:07,22.38
2025-09-09 09:56:09,22.38
2025-09-09 09:56:11,22.38
2025-09-09 09:56:14,22.44
2025-09-09 09:56:16,22.38
2025-09-09 09:56:18,22.44
2025-09-09 09:56:20,22.38
2025-09-09 09:56:23,22.38
2025-09-09 09:56:25,22.44
2025-09-09 09:56:27,22.38
2025-09-09 09:56:30,22.38
2025-09-09 09:56:32,22.38
2025-09-09 09:56:34,22.38
2025-09-09 09:56:37,22.38
2025-09-09 09:56:39,22.38
2025-09-09 09:56:41,22.38
2025-09-09 09:56:44,22.38
2025-09-09 09:56:46,22.38
2025-09-09 09:56:48,22.38
2025-09-09 09:56:50,22.38
2025-09-09 09:56:53,22.38
2025-09-09 09:56:55,22.38
2025-09-09 09:56:57,22.38
2025-09-09 09:57:00,22.38
2025-09-09 09:57:02,22.31
2025-09-09 09:57:04,22.38
2025-09-09 09:57:07,22.38
2025-09-09 09:57:09,22.38
2025-09-09 09:57:11,22.38
2025-09-09 09:57:14,22.38
2025-09-09 09:57:16,22.31
2025-09-09 09:57:18,22.38
2025-09-09 09:57:20,22.38
2025-09-09 09:57:23,22.38
2025-09-09 09:57:25,22.38
2025-09-09 09:57:27,22.38
2025-09-09 09:57:30,22.38
2025-09-09 09:57:32,22.31
2025-09-09 09:57:34,22.31
2025-09-09 09:57:37,22.31
2025-09-09 09:57:39,22.38
2025-09-09 09:57:41,22.31
2025-09-09 09:57:44,22.31
2025-09-09 09:57:46,22.31
2025-09-09 09:57:48,22.31
2025-09-09 09:57:50,22.31
2025-09-09 09:57:53,22.31
2025-09-09 09:57:55,22.31
2025-09-09 09:57:57,22.31
2025-09-09 09:58:00,22.31
2025-09-09 09:58:02,22.31
2025-09-09 09:58:04,22.31
2025-09-09 09:58:07,22.31
2025-09-09 09:58:09,22.31
2025-09-09 09:58:11,22.31
2025-09-09 09:58:13,22.31
2025-09-09 09:58:16,22.31
2025-09-09 09:58:18,22.31
2025-09-09 09:58:20,22.31
2025-09-09 09:58:23,22.31
2025-09-09 09:58:25,22.25
2025-09-09 09:58:27,22.31
2025-09-09 09:58:30,22.31
2025-09-09 09:58:32,22.25
2025-09-09 09:58:34,22.31
2025-09-09 09:58:37,22.25
2025-09-09 09:58:39,22.31
2025-09-09 09:58:41,22.31
2025-09-09 09:58:43,22.25
2025-09-09 09:58:46,22.25
2025-09-09 09:58:48,22.31
2025-09-09 09:58:50,22.31
2025-09-09 09:58:53,22.25
2025-09-09 09:58:55,22.25
2025-09-09 09:58:57,22.25
2025-09-09 09:59:00,22.25
2025-09-09 09:59:02,22.25
2025-09-09 09:59:04,22.25
2025-09-09 09:59:06,22.25
2025-09-09 09:59:09,22.25
2025-09-09 09:59:11,22.25
2025-09-09 09:59:13,22.25
2025-09-09 09:59:16,22.25
2025-09-09 09:59:18,22.25
2025-09-09 09:59:20,22.25
2025-09-09 09:59:23,22.25
2025-09-09 09:59:25,22.25
2025-09-09 09:59:27,22.25
2025-09-09 09:59:30,22.25
2025-09-09 09:59:32,22.25
2025-09-09 09:59:34,22.25
2025-09-09 09:59:36,22.25
2025-09-09 09:59:39,22.25
2025-09-09 09:59:41,22.25
2025-09-09 09:59:43,22.19
2025-09-09 09:59:46,22.25
2025-09-09 09:59:48,22.19
2025-09-09 09:59:50,22.19
2025-09-09 09:59:53,22.19
2025-09-09 09:59:55,22.25
2025-09-09 09:59:57,22.19
2025-09-09 09:59:59,22.25
2025-09-09 10:00:02,22.19
2025-09-09 10:00:04,22.25
2025-09-09 10:00:06,22.19
2025-09-09 10:00:09,22.19
2025-09-09 10:00:11,22.19
2025-09-09 10:00:13,22.19
2025-09-09 10:00:16,22.19
2025-09-09 10:00:18,22.19
2025-09-09 10:00:20,22.19
2025-09-09 10:00:23,22.19
2025-09-09 10:00:25,22.19
2025-09-09 10:00:27,22.19
2025-09-09 10:00:29,22.19
2025-09-09 10:00:32,22.19
2025-09-09 10:00:34,22.19
2025-09-09 10:00:36,22.19
2025-09-09 10:00:39,22.19
2025-09-09 10:00:41,22.19
2025-09-09 10:00:43,22.19
2025-09-09 10:00:46,22.19
2025-09-09 10:00:48,22.19
2025-09-09 10:00:50,22.19
2025-09-09 10:00:52,22.19
2025-09-09 10:00:55,22.19
2025-09-09 10:00:57,22.19
2025-09-09 10:00:59,22.12
2025-09-09 10:01:02,22.19
2025-09-09 10:01:04,22.19
2025-09-09 10:01:06,22.19
2025-09-09 10:01:09,22.12
2025-09-09 10:01:11,22.19
2025-09-09 10:01:13,22.19
2025-09-09 10:01:16,22.12
2025-09-09 10:01:18,22.19
2025-09-09 10:01:20,22.12
2025-09-09 10:01:22,22.19
2025-09-09 10:01:25,22.19
2025-09-09 10:01:27,22.19
2025-09-09 10:01:29,22.12
2025-09-09 10:01:32,22.19
2025-09-09 10:01:34,22.19
2025-09-09 10:01:36,22.12
2025-09-09 10:01:39,22.12
2025-09-09 10:01:41,22.19
2025-09-09 10:01:43,22.12
2025-09-09 10:01:45,22.12
2025-09-09 10:01:48,22.12
2025-09-09 10:01:50,22.12
2025-09-09 10:01:52,22.12
2025-09-09 10:01:55,22.19
2025-09-09 10:01:57,22.12
2025-09-09 10:01:59,22.19
2025-09-09 10:02:02,22.12
2025-09-09 10:02:04,22.12
2025-09-09 10:02:06,22.19
2025-09-09 10:02:09,22.12
2025-09-09 10:02:11,22.19
2025-09-09 10:02:13,22.12
2025-09-09 10:02:15,22.12
2025-09-09 10:02:18,22.12
2025-09-09 10:02:20,22.12
2025-09-09 10:02:22,22.12
2025-09-09 10:02:25,22.12
2025-09-09 10:02:27,22.12
2025-09-09 10:02:29,22.12
2025-09-09 10:02:32,22.12
2025-09-09 10:02:34,22.12
2025-09-09 10:02:36,22.12
2025-09-09 10:02:38,22.12
2025-09-09 10:02:41,22.12
2025-09-09 10:02:43,22.12
2025-09-09 10:02:45,22.12
2025-09-09 10:02:48,22.12
2025-09-09 10:02:50,22.06
2025-09-09 10:02:52,22.12
2025-09-09 10:02:55,22.12
2025-09-09 10:02:57,22.06
2025-09-09 10:02:59,22.12
2025-09-09 10:03:02,22.06
2025-09-09 10:03:04,22.06
2025-09-09 10:03:06,22.06
2025-09-09 10:03:08,22.06
2025-09-09 10:03:11,22.06
2025-09-09 10:03:13,22.12
2025-09-09 10:03:15,22.06
2025-09-09 10:03:18,22.06
2025-09-09 10:03:20,22.06
2025-09-09 10:03:22,22.06
2025-09-09 10:03:25,22.06
2025-09-09 10:03:27,22.00
2025-09-09 10:03:29,22.06
2025-09-09 10:03:31,22.00
2025-09-09 10:03:34,22.06
2025-09-09 10:03:36,22.06
2025-09-09 10:03:38,22.00
2025-09-09 10:03:41,22.06
2025-09-09 10:03:43,22.06
2025-09-09 10:03:45,22.00
2025-09-09 10:03:48,22.00
2025-09-09 10:03:50,22.00
2025-09-09 10:03:52,22.00
2025-09-09 10:03:55,22.00
2025-09-09 10:03:57,22.00
2025-09-09 10:03:59,22.00
2025-09-09 10:04:01,22.00
2025-09-09 10:04:04,22.00
2025-09-09 10:04:06,22.00
2025-09-09 10:04:08,22.00
2025-09-09 10:04:11,22.00
2025-09-09 10:04:13,22.00
2025-09-09 10:04:15,22.00
2025-09-09 10:04:18,22.00
2025-09-09 10:04:20,22.00
2025-09-09 10:04:22,22.00
2025-09-09 10:04:24,22.00
2025-09-09 10:04:27,22.00
2025-09-09 10:04:29,22.00
2025-09-09 10:04:31,21.94
2025-09-09 10:04:34,22.00
2025-09-09 10:04:36,21.94
2025-09-09 10:04:38,21.94
2025-09-09 10:04:41,21.94
2025-09-09 10:04:43,21.94
2025-09-09 10:04:45,21.94
2025-09-09 10:04:48,21.94
2025-09-09 10:04:50,21.94
2025-09-09 10:04:52,21.94
2025-09-09 10:04:54,21.94
2025-09-09 10:04:57,21.94
2025-09-09 10:04:59,21.94
2025-09-09 10:05:01,21.94
2025-09-09 10:05:04,21.94
2025-09-09 10:05:06,21.94
2025-09-09 10:05:08,21.94
2025-09-09 10:05:11,21.94
2025-09-09 10:05:13,21.88
2025-09-09 10:05:15,21.94
2025-09-09 10:05:17,21.94
2025-09-09 10:05:20,21.88
2025-09-09 10:05:22,21.94
2025-09-09 10:05:24,21.94
2025-09-09 10:05:27,21.94
2025-09-09 10:05:29,21.88
2025-09-09 10:05:31,21.94
2025-09-09 10:05:34,21.88
2025-09-09 10:05:36,21.88
2025-09-09 10:05:38,21.94
2025-09-09 10:05:41,21.88
2025-09-09 10:05:43,21.94
2025-09-09 10:05:45,21.88
2025-09-09 10:05:47,21.88
2025-09-09 10:05:50,21.88
2025-09-09 10:05:52,21.88
2025-09-09 10:05:54,21.88
2025-09-09 10:05:57,21.88
2025-09-09 10:05:59,21.88
2025-09-09 10:06:01,21.88
2025-09-09 10:06:04,21.88
2025-09-09 10:06:06,21.88
2025-09-09 10:06:08,21.88
2025-09-09 10:06:10,21.88
2025-09-09 10:06:13,21.88
2025-09-09 10:06:15,21.81
2025-09-09 10:06:17,21.88
2025-09-09 10:06:20,21.88
2025-09-09 10:06:22,21.88
2025-09-09 10:06:24,21.88
2025-09-09 10:06:27,21.88
2025-09-09 10:06:29,21.81
2025-09-09 10:06:31,21.88
2025-09-09 10:06:34,21.88
2025-09-09 10:06:36,21.88
2025-09-09 10:06:38,21.81
2025-09-09 10:06:40,21.88
2025-09-09 10:06:43,21.88
2025-09-09 10:06:45,21.81
2025-09-09 10:06:47,21.88
2025-09-09 10:06:50,21.81
2025-09-09 10:06:52,21.81
2025-09-09 10:06:54,21.81
2025-09-09 10:06:57,21.81
2025-09-09 10:06:59,21.81
2025-09-09 10:07:01,21.81
2025-09-09 10:07:03,21.81
2025-09-09 10:07:06,21.81
2025-09-09 10:07:08,21.81
2025-09-09 10:07:10,21.81
2025-09-09 10:07:13,21.81
2025-09-09 10:07:15,21.81
2025-09-09 10:07:17,21.81
2025-09-09 10:07:20,21.81
2025-09-09 10:07:22,21.81
2025-09-09 10:07:24,21.81
2025-09-09 10:07:27,21.81
2025-09-09 10:07:29,21.81
2025-09-09 10:07:31,21.81
2025-09-09 10:07:33,21.75
2025-09-09 10:07:36,21.81
2025-09-09 10:07:38,21.81
2025-09-09 10:07:40,21.81
2025-09-09 10:07:43,21.81
2025-09-09 10:07:45,21.81
2025-09-09 10:07:47,21.81
2025-09-09 10:07:50,21.75
2025-09-09 10:07:52,21.81
2025-09-09 10:07:54,21.81
2025-09-09 10:07:57,21.81
2025-09-09 10:07:59,21.81
2025-09-09 10:08:01,21.81
2025-09-09 10:08:03,21.81
2025-09-09 10:08:06,21.81
2025-09-09 10:08:08,21.75
2025-09-09 10:08:10,21.81
2025-09-09 10:08:13,21.81
2025-09-09 10:08:15,21.75
2025-09-09 10:08:17,21.81
2025-09-09 10:08:20,21.81
2025-09-09 10:08:22,21.75
2025-09-09 10:08:24,21.75
2025-09-09 10:08:26,21.75
2025-09-09 10:08:29,21.75
2025-09-09 10:08:31,21.81
2025-09-09 10:08:33,21.75
2025-09-09 10:08:36,21.81
2025-09-09 10:08:38,21.75
2025-09-09 10:08:40,21.75
2025-09-09 10:08:43,21.75
2025-09-09 10:08:45,21.75
2025-09-09 10:08:47,21.75
2025-09-09 10:08:49,21.75
2025-09-09 10:08:52,21.75
2025-09-09 10:08:54,21.75
2025-09-09 10:08:56,21.75
2025-09-09 10:08:59,21.75
2025-09-09 10:09:01,21.75
2025-09-09 10:09:03,21.75
2025-09-09 10:09:06,21.75
2025-09-09 10:09:08,21.75
2025-09-09 10:09:10,21.75
2025-09-09 10:09:13,21.75
2025-09-09 10:09:15,21.75
2025-09-09 10:09:17,21.75
2025-09-09 10:09:19,21.75
2025-09-09 10:09:22,21.75
2025-09-09 10:09:24,21.75
2025-09-09 10:09:26,21.75
2025-09-09 10:09:29,21.75
2025-09-09 10:09:31,21.75
2025-09-09 10:09:33,21.75
2025-09-09 10:09:36,21.75
2025-09-09 10:09:38,21.75
2025-09-09 10:09:40,21.75
2025-09-09 10:09:42,21.75
2025-09-09 10:09:45,21.75
2025-09-09 10:09:47,21.75
2025-09-09 10:09:49,21.75
2025-09-09 10:09:52,21.75
2025-09-09 10:09:54,21.75
2025-09-09 10:09:56,21.69
2025-09-09 10:09:59,21.75
2025-09-09 10:10:01,21.69
2025-09-09 10:10:03,21.75
2025-09-09 10:10:06,21.69
2025-09-09 10:10:08,21.75
2025-09-09 10:10:10,21.75
2025-09-09 10:10:12,21.75
2025-09-09 10:10:15,21.75
2025-09-09 10:10:17,21.75
2025-09-09 10:10:19,21.75
2025-09-09 10:10:22,21.69
2025-09-09 10:10:24,21.75
2025-09-09 10:10:26,21.75
2025-09-09 10:10:29,21.69
2025-09-09 10:10:31,21.69
2025-09-09 10:10:33,21.75
2025-09-09 10:10:35,21.75
2025-09-09 10:10:38,21.69
2025-09-09 10:10:40,21.69
2025-09-09 10:10:42,21.69
2025-09-09 10:10:45,21.69
2025-09-09 10:10:47,21.75
2025-09-09 10:10:49,21.69
2025-09-09 10:10:52,21.75
2025-09-09 10:10:54,21.69
2025-09-09 10:10:56,21.69
2025-09-09 10:10:59,21.69
2025-09-09 10:11:01,21.69
2025-09-09 10:11:03,21.69
2025-09-09 10:11:05,21.69
2025-09-09 10:11:08,21.75
2025-09-09 10:11:10,21.69
2025-09-09 10:11:12,21.75
2025-09-09 10:11:15,21.69
2025-09-09 10:11:17,21.69
2025-09-09 10:11:19,21.75
2025-09-09 10:11:22,21.69
2025-09-09 10:11:24,21.69
2025-09-09 10:11:26,21.75
2025-09-09 10:11:28,21.69
2025-09-09 10:11:31,21.69
2025-09-09 10:11:33,21.69
2025-09-09 10:11:35,21.69
2025-09-09 10:11:38,21.69
2025-09-09 10:11:40,21.69
2025-09-09 10:11:42,21.69
2025-09-09 10:11:45,21.69
2025-09-09 10:11:47,21.69
2025-09-09 10:11:49,21.69
2025-09-09 10:11:52,21.69
2025-09-09 10:11:54,21.69
2025-09-09 10:11:56,21.69
2025-09-09 10:11:58,21.69
2025-09-09 10:12:01,21.69
2025-09-09 10:12:03,21.69
2025-09-09 10:12:05,21.69
2025-09-09 10:12:08,21.69
2025-09-09 10:12:10,21.69
2025-09-09 10:12:12,21.69
2025-09-09 10:12:15,21.69
2025-09-09 10:12:17,21.69
2025-09-09 10:12:19,21.69
2025-09-09 10:12:21,21.69
2025-09-09 10:12:24,21.69
2025-09-09 10:12:26,21.69
2025-09-09 10:12:28,21.69
2025-09-09 10:12:31,21.69
2025-09-09 10:12:33,21.69
2025-09-09 10:12:35,21.69
2025-09-09 10:12:38,21.69
2025-09-09 10:12:40,21.75
2025-09-09 10:12:42,21.69
2025-09-09 10:12:45,21.69
2025-09-09 10:12:47,21.69
2025-09-09 10:12:49,21.69
2025-09-09 10:12:51,21.69
2025-09-09 10:12:54,21.69
2025-09-09 10:12:56,21.75
2025-09-09 10:12:58,21.69
2025-09-09 10:13:01,21.69
2025-09-09 10:13:03,21.69
2025-09-09 10:13:05,21.69
2025-09-09 10:13:08,21.69
2025-09-09 10:13:10,21.69
2025-09-09 10:13:12,21.69
2025-09-09 10:13:14,21.69
2025-09-09 10:13:17,21.69
2025-09-09 10:13:19,21.69
2025-09-09 10:13:21,21.69
2025-09-09 10:13:24,21.69
2025-09-09 10:13:26,21.69
2025-09-09 10:13:28,21.69
2025-09-09 10:13:31,21.69
2025-09-09 10:13:33,21.69
2025-09-09 10:13:35,21.69
2025-09-09 10:13:38,21.69
2025-09-09 10:13:40,21.75
2025-09-09 10:13:42,21.75
2025-09-09 10:13:44,21.69
2025-09-09 10:13:47,21.69
2025-09-09 10:13:49,21.75
2025-09-09 10:13:51,21.69
2025-09-09 10:13:54,21.69
2025-09-09 10:13:56,21.69
2025-09-09 10:13:58,21.69
2025-09-09 10:14:01,21.69
2025-09-09 10:14:03,21.69
2025-09-09 10:14:05,21.69
2025-09-09 10:14:07,21.69
2025-09-09 10:14:10,21.69
2025-09-09 10:14:12,21.69
2025-09-09 10:14:14,21.75
2025-09-09 10:14:17,21.69
2025-09-09 10:14:19,21.75
2025-09-09 10:14:21,21.69
2025-09-09 10:14:24,21.69
2025-09-09 10:14:26,21.69
2025-09-09 10:14:28,21.69
2025-09-09 10:14:31,21.69
2025-09-09 10:14:33,21.75
2025-09-09 10:14:35,21.75
2025-09-09 10:14:37,21.69
2025-09-09 10:14:40,21.75
2025-09-09 10:14:42,21.69
2025-09-09 10:14:44,21.69
2025-09-09 10:14:47,21.75
2025-09-09 10:14:49,21.69
2025-09-09 10:14:51,21.75
2025-09-09 10:14:54,21.69
2025-09-09 10:14:56,21.69
2025-09-09 10:14:58,21.69
2025-09-09 10:15:00,21.69
2025-09-09 10:15:03,21.69
2025-09-09 10:15:05,21.69
2025-09-09 10:15:07,21.69
2025-09-09 10:15:10,21.69
2025-09-09 10:15:12,21.75
2025-09-09 10:15:14,21.69
2025-09-09 10:15:17,21.75
2025-09-09 10:15:19,21.69
2025-09-09 10:15:21,21.69
2025-09-09 10:15:24,21.75
2025-09-09 10:15:26,21.69
2025-09-09 10:15:28,21.69
2025-09-09 10:15:30,21.69
2025-09-09 10:15:33,21.75
2025-09-09 10:15:35,21.75
2025-09-09 10:15:37,21.69
2025-09-09 10:15:40,21.75
2025-09-09 10:15:42,21.69
2025-09-09 10:15:44,21.75
2025-09-09 10:15:47,21.75
2025-09-09 10:15:49,21.75
2025-09-09 10:15:51,21.75
2025-09-09 10:15:53,21.75
2025-09-09 10:15:56,21.75
2025-09-09 10:15:58,21.75
2025-09-09 10:16:00,21.75
2025-09-09 10:16:03,21.75
2025-09-09 10:16:05,21.75
2025-09-09 10:16:07,21.75
2025-09-09 10:16:10,21.75
2025-09-09 10:16:12,21.75
2025-09-09 10:16:14,21.75
2025-09-09 10:16:17,21.75
2025-09-09 10:16:19,21.75
2025-09-09 10:16:21,21.75
2025-09-09 10:16:23,21.75
2025-09-09 10:16:26,21.75
2025-09-09 10:16:28,21.75
2025-09-09 10:16:30,21.75
2025-09-09 10:16:33,21.75
2025-09-09 10:16:35,21.75
2025-09-09 10:16:37,21.75
2025-09-09 10:16:40,21.75
2025-09-09 10:16:42,21.75
2025-09-09 10:16:44,21.75
2025-09-09 10:16:46,21.75
2025-09-09 10:16:49,21.75
2025-09-09 10:16:51,21.75
2025-09-09 10:16:53,21.81
2025-09-09 10:16:56,21.81
2025-09-09 10:16:58,21.81
2025-09-09 10:17:00,21.81
2025-09-09 10:17:03,21.81
2025-09-09 10:17:05,21.81
2025-09-09 10:17:07,21.81
2025-09-09 10:17:10,21.81
2025-09-09 10:17:12,21.81
2025-09-09 10:17:14,21.81
2025-09-09 10:17:16,21.81
2025-09-09 10:17:19,21.81
2025-09-09 10:17:21,21.75
2025-09-09 10:17:23,21.81
2025-09-09 10:17:26,21.81
2025-09-09 10:17:28,21.81
2025-09-09 10:17:30,21.81
2025-09-09 10:17:33,21.81
2025-09-09 10:17:35,21.81
2025-09-09 10:17:37,21.81
2025-09-09 10:17:39,21.75
2025-09-09 10:17:42,21.81
2025-09-09 10:17:44,21.81
2025-09-09 10:17:46,21.81
2025-09-09 10:17:49,21.81
2025-09-09 10:17:51,21.75
2025-09-09 10:17:53,21.81
2025-09-09 10:17:56,21.81
2025-09-09 10:17:58,21.81
2025-09-09 10:18:00,21.75
2025-09-09 10:18:03,21.81
2025-09-09 10:18:05,21.81
2025-09-09 10:18:07,21.81
2025-09-09 10:18:09,21.75
2025-09-09 10:18:12,21.81
2025-09-09 10:18:14,21.75
2025-09-09 10:18:16,21.81
2025-09-09 10:18:19,21.81
2025-09-09 10:18:21,21.81
2025-09-09 10:18:23,21.75
2025-09-09 10:18:26,21.75
2025-09-09 10:18:28,21.75
2025-09-09 10:18:30,21.75
2025-09-09 10:18:32,21.75
2025-09-09 10:18:35,21.75
2025-09-09 10:18:37,21.75
2025-09-09 10:18:39,21.75
2025-09-09 10:18:42,21.75
2025-09-09 10:18:44,21.75
2025-09-09 10:18:46,21.75
2025-09-09 10:18:49,21.81
2025-09-09 10:18:51,21.81
2025-09-09 10:18:53,21.81
2025-09-09 10:18:56,21.75
2025-09-09 10:18:58,21.75
2025-09-09 10:19:00,21.75
2025-09-09 10:19:02,21.75
2025-09-09 10:19:05,21.75
2025-09-09 10:19:07,21.81
2025-09-09 10:19:09,21.75
2025-09-09 10:19:12,21.75
2025-09-09 10:19:14,21.75
2025-09-09 10:19:16,21.75
2025-09-09 10:19:19,21.75
2025-09-09 10:19:21,21.75
2025-09-09 10:19:23,21.75
2025-09-09 10:19:25,21.69
2025-09-09 10:19:28,21.75
2025-09-09 10:19:30,21.69
2025-09-09 10:19:32,21.69
2025-09-09 10:19:35,21.69
2025-09-09 10:19:37,21.75
2025-09-09 10:19:39,21.75
2025-09-09 10:19:42,21.69
2025-09-09 10:19:44,21.69
2025-09-09 10:19:46,21.69
2025-09-09 10:19:49,21.69
2025-09-09 10:19:51,21.69
2025-09-09 10:19:53,21.69
2025-09-09 10:19:55,21.69
2025-09-09 10:19:58,21.62
2025-09-09 10:20:00,21.69
2025-09-09 10:20:02,21.69
2025-09-09 10:20:05,21.62
2025-09-09 10:20:07,21.69
2025-09-09 10:20:09,21.69
2025-09-09 10:20:12,21.62
2025-09-09 10:20:14,21.62
2025-09-09 10:20:16,21.62
2025-09-09 10:20:18,21.62
2025-09-09 10:20:21,21.62
2025-09-09 10:20:23,21.62
2025-09-09 10:20:25,21.62
2025-09-09 10:20:28,21.62
2025-09-09 10:20:30,21.62
2025-09-09 10:20:32,21.62
2025-09-09 10:20:35,21.62
2025-09-09 10:20:37,21.62
2025-09-09 10:20:39,21.62
2025-09-09 10:20:41,21.56
2025-09-09 10:20:44,21.56
2025-09-09 10:20:46,21.62
2025-09-09 10:20:48,21.62
2025-09-09 10:20:51,21.56
2025-09-09 10:20:53,21.62
2025-09-09 10:20:55,21.56
2025-09-09 10:20:58,21.56
2025-09-09 10:21:00,21.56
2025-09-09 10:21:02,21.56
2025-09-09 10:21:05,21.62
2025-09-09 10:21:07,21.56
2025-09-09 10:21:09,21.56
2025-09-09 10:21:11,21.56
2025-09-09 10:21:14,21.56
2025-09-09 10:21:16,21.56
2025-09-09 10:21:18,21.56
2025-09-09 10:21:21,21.56
2025-09-09 10:21:23,21.56
2025-09-09 10:21:25,21.56
2025-09-09 10:21:28,21.56
2025-09-09 10:21:30,21.56
2025-09-09 10:21:32,21.56
2025-09-09 10:21:34,21.56
2025-09-09 10:21:37,21.56
2025-09-09 10:21:39,21.50
2025-09-09 10:21:41,21.56
2025-09-09 10:21:44,21.56
2025-09-09 10:21:46,21.56
2025-09-09 10:21:48,21.56
2025-09-09 10:21:51,21.56
2025-09-09 10:21:53,21.56
2025-09-09 10:21:55,21.56
2025-09-09 10:21:58,21.56
2025-09-09 10:22:00,21.56
2025-09-09 10:22:02,21.56
2025-09-09 10:22:04,21.50
2025-09-09 10:22:07,21.50
2025-09-09 10:22:09,21.50
2025-09-09 10:22:11,21.50
2025-09-09 10:22:14,21.50
2025-09-09 10:22:16,21.50
2025-09-09 10:22:18,21.50
2025-09-09 10:22:21,21.50
2025-09-09 10:22:23,21.50
2025-09-09 10:22:25,21.50
2025-09-09 10:22:27,21.50
2025-09-09 10:22:30,21.50
2025-09-09 10:22:32,21.50
2025-09-09 10:22:34,21.50
2025-09-09 10:22:37,21.44
2025-09-09 10:22:39,21.44
2025-09-09 10:22:41,21.50
2025-09-09 10:22:44,21.44
2025-09-09 10:22:46,21.44
2025-09-09 10:22:48,21.44
2025-09-09 10:22:51,21.44
2025-09-09 10:22:53,21.44
2025-09-09 10:22:55,21.44
2025-09-09 10:22:57,21.44
2025-09-09 10:23:00,21.44
2025-09-09 10:23:02,21.44
2025-09-09 10:23:04,21.44
2025-09-09 10:23:07,21.44
2025-09-09 10:23:09,21.44
2025-09-09 10:23:11,21.44
2025-09-09 10:23:14,21.44
2025-09-09 10:23:16,21.44
2025-09-09 10:23:18,21.44
2025-09-09 10:23:20,21.44
2025-09-09 10:23:23,21.44
2025-09-09 10:23:25,21.44
2025-09-09 10:23:27,21.44
2025-09-09 10:23:30,21.44
2025-09-09 10:23:32,21.44
2025-09-09 10:23:34,21.44
2025-09-09 10:23:37,21.44
2025-09-09 10:23:39,21.44
2025-09-09 10:23:41,21.44
2025-09-09 10:23:44,21.44
2025-09-09 10:23:46,21.44
2025-09-09 10:23:48,21.44
2025-09-09 10:23:50,21.44
2025-09-09 10:23:53,21.44
2025-09-09 10:23:55,21.44
2025-09-09 10:23:57,21.44
2025-09-09 10:24:00,21.44
2025-09-09 10:24:02,21.44
2025-09-09 10:24:04,21.44
2025-09-09 10:24:07,21.44
2025-09-09 10:24:09,21.44
2025-09-09 10:24:11,21.44
2025-09-09 10:24:13,21.44
2025-09-09 10:24:16,21.44
2025-09-09 10:24:18,21.44
2025-09-09 10:24:20,21.44
2025-09-09 10:24:23,21.44
2025-09-09 10:24:25,21.44
2025-09-09 10:24:27,21.44
2025-09-09 10:24:30,21.44
2025-09-09 10:24:32,21.44
2025-09-09 10:24:34,21.38
2025-09-09 10:24:37,21.44
2025-09-09 10:24:39,21.44
2025-09-09 10:24:41,21.38
2025-09-09 10:24:43,21.38
2025-09-09 10:24:46,21.38
2025-09-09 10:24:48,21.38
2025-09-09 10:24:50,21.38
2025-09-09 10:24:53,21.38
2025-09-09 10:24:55,21.38
2025-09-09 10:24:57,21.38
2025-09-09 10:25:00,21.38
2025-09-09 10:25:02,21.38
2025-09-09 10:25:04,21.38
2025-09-09 10:25:06,21.38
2025-09-09 10:25:09,21.38
2025-09-09 10:25:11,21.38
2025-09-09 10:25:13,21.38
2025-09-09 10:25:16,21.38
2025-09-09 10:25:18,21.38
2025-09-09 10:25:20,21.38
2025-09-09 10:25:23,21.38
2025-09-09 10:25:25,21.38
2025-09-09 10:25:27,21.38
2025-09-09 10:25:29,21.38
2025-09-09 10:25:32,21.38
2025-09-09 10:25:34,21.38
2025-09-09 10:25:36,21.38
2025-09-09 10:25:39,21.38
2025-09-09 10:25:41,21.31
2025-09-09 10:25:43,21.38
2025-09-09 10:25:46,21.31
2025-09-09 10:25:48,21.38
2025-09-09 10:25:50,21.38
2025-09-09 10:25:53,21.38
2025-09-09 10:25:55,21.38
2025-09-09 10:25:57,21.31
2025-09-09 10:25:59,21.38
2025-09-09 10:26:02,21.31
2025-09-09 10:26:04,21.38
2025-09-09 10:26:06,21.38
2025-09-09 10:26:09,21.38
2025-09-09 10:26:11,21.38
2025-09-09 10:26:13,21.38
2025-09-09 10:26:16,21.38
2025-09-09 10:26:18,21.38
2025-09-09 10:26:20,21.38
2025-09-09 10:26:22,21.38
2025-09-09 10:26:25,21.38
2025-09-09 10:26:27,21.38
2025-09-09 10:26:29,21.38
2025-09-09 10:26:32,21.38
2025-09-09 10:26:34,21.38
2025-09-09 10:26:36,21.44
2025-09-09 10:26:39,21.44
2025-09-09 10:26:41,21.44
2025-09-09 10:26:43,21.38
2025-09-09 10:26:46,21.44
2025-09-09 10:26:48,21.44
2025-09-09 10:26:50,21.44
2025-09-09 10:26:52,21.38
2025-09-09 10:26:55,21.44
2025-09-09 10:26:57,21.44
2025-09-09 10:26:59,21.44
2025-09-09 10:27:02,21.44
2025-09-09 10:27:04,21.44
2025-09-09 10:27:06,21.44
2025-09-09 10:27:09,21.38
2025-09-09 10:27:11,21.38
2025-09-09 10:27:13,21.38
2025-09-09 10:27:15,21.38
2025-09-09 10:27:18,21.38
2025-09-09 10:27:20,21.38
2025-09-09 10:27:22,21.38
2025-09-09 10:27:25,21.38
2025-09-09 10:27:27,21.38
2025-09-09 10:27:29,21.38
2025-09-09 10:27:32,21.38
2025-09-09 10:27:34,21.38
2025-09-09 10:27:36,21.38
2025-09-09 10:27:39,21.38
2025-09-09 10:27:41,21.38
2025-09-09 10:27:43,21.38
2025-09-09 10:27:45,21.38
2025-09-09 10:27:48,21.38
2025-09-09 10:27:50,21.38
2025-09-09 10:27:52,21.38
2025-09-09 10:27:55,21.38
2025-09-09 10:27:57,21.38
2025-09-09 10:27:59,21.38
2025-09-09 10:28:02,21.38
2025-09-09 10:28:04,21.38
2025-09-09 10:28:06,21.38
2025-09-09 10:28:08,21.38
2025-09-09 10:28:11,21.38
2025-09-09 10:28:13,21.38
2025-09-09 10:28:15,21.31
2025-09-09 10:28:18,21.38
2025-09-09 10:28:20,21.38
2025-09-09 10:28:22,21.38
2025-09-09 10:28:25,21.31
2025-09-09 10:28:27,21.38
2025-09-09 10:28:29,21.31
2025-09-09 10:28:32,21.31
2025-09-09 10:28:34,21.31
2025-09-09 10:28:36,21.31
2025-09-09 10:28:38,21.31
2025-09-09 10:28:41,21.31
2025-09-09 10:28:43,21.31
2025-09-09 10:28:45,21.25
2025-09-09 10:28:48,21.25
2025-09-09 10:28:50,21.25
2025-09-09 10:28:52,21.25
2025-09-09 10:28:55,21.25
2025-09-09 10:28:57,21.25
2025-09-09 10:28:59,21.25
2025-09-09 10:29:01,21.25
2025-09-09 10:29:04,21.25
2025-09-09 10:29:06,21.25
2025-09-09 10:29:08,21.25
2025-09-09 10:29:11,21.19
2025-09-09 10:29:13,21.25
2025-09-09 10:29:15,21.19
2025-09-09 10:29:18,21.25
2025-09-09 10:29:20,21.25
2025-09-09 10:29:22,21.19
2025-09-09 10:29:25,21.19
2025-09-09 10:29:27,21.25
2025-09-09 10:29:29,21.19
2025-09-09 10:29:31,21.19
2025-09-09 10:29:34,21.19
2025-09-09 10:29:36,21.19
2025-09-09 10:29:38,21.19
2025-09-09 10:29:41,21.19
2025-09-09 10:29:43,21.19
2025-09-09 10:29:45,21.19
2025-09-09 10:29:48,21.19
2025-09-09 10:29:50,21.19
2025-09-09 10:29:52,21.19
2025-09-09 10:29:54,21.19
2025-09-09 10:29:57,21.19
2025-09-09 10:29:59,21.19
2025-09-09 10:30:01,21.12
2025-09-09 10:30:04,21.19
2025-09-09 10:30:06,21.19
2025-09-09 10:30:08,21.19
2025-09-09 10:30:11,21.12
2025-09-09 10:30:13,21.19
2025-09-09 10:30:15,21.19
2025-09-09 10:30:17,21.19
2025-09-09 10:30:20,21.19
2025-09-09 10:30:22,21.19
2025-09-09 10:30:24,21.19
2025-09-09 10:30:27,21.19
2025-09-09 10:30:29,21.19
2025-09-09 10:30:31,21.19
2025-09-09 10:30:34,21.19
2025-09-09 10:30:36,21.19
2025-09-09 10:30:38,21.19
2025-09-09 10:30:41,21.12
2025-09-09 10:30:43,21.19
2025-09-09 10:30:45,21.19
2025-09-09 10:30:47,21.19
2025-09-09 10:30:50,21.19
2025-09-09 10:30:52,21.19
2025-09-09 10:30:54,21.19
2025-09-09 10:30:57,21.19
2025-09-09 10:30:59,21.19
2025-09-09 10:31:01,21.19
2025-09-09 10:31:04,21.19
2025-09-09 10:31:06,21.19
2025-09-09 10:31:08,21.19
2025-09-09 10:31:10,21.25
2025-09-09 10:31:13,21.19
2025-09-09 10:31:15,21.19
2025-09-09 10:31:17,21.25
2025-09-09 10:31:20,21.25
2025-09-09 10:31:22,21.25
2025-09-09 10:31:24,21.25
2025-09-09 10:31:27,21.25
2025-09-09 10:31:29,21.25
2025-09-09 10:31:31,21.25
2025-09-09 10:31:34,21.25
2025-09-09 10:31:36,21.25
2025-09-09 10:31:38,21.25
2025-09-09 10:31:40,21.25
2025-09-09 10:31:43,21.25
2025-09-09 10:31:45,21.31
2025-09-09 10:31:47,21.25
2025-09-09 10:31:50,21.25
2025-09-09 10:31:52,21.25
2025-09-09 10:31:54,21.25
2025-09-09 10:31:57,21.25
2025-09-09 10:31:59,21.25
2025-09-09 10:32:01,21.25
2025-09-09 10:32:03,21.25
2025-09-09 10:32:06,21.25
2025-09-09 10:32:08,21.25
2025-09-09 10:32:10,21.25
2025-09-09 10:32:13,21.19
2025-09-09 10:32:15,21.25
2025-09-09 10:32:17,21.19
2025-09-09 10:32:20,21.19
2025-09-09 10:32:22,21.25
2025-09-09 10:32:24,21.25
2025-09-09 10:32:27,21.19
2025-09-09 10:32:29,21.25
2025-09-09 10:32:31,21.25
2025-09-09 10:32:33,21.25
2025-09-09 10:32:36,21.19
2025-09-09 10:32:38,21.19
2025-09-09 10:32:40,21.19
2025-09-09 10:32:43,21.19
2025-09-09 10:32:45,21.19
2025-09-09 10:32:47,21.19
2025-09-09 10:32:50,21.19
2025-09-09 10:32:52,21.19
2025-09-09 10:32:54,21.19
2025-09-09 10:32:57,21.19
2025-09-09 10:32:59,21.19
2025-09-09 10:33:01,21.19
2025-09-09 10:33:03,21.25
2025-09-09 10:33:06,21.25
2025-09-09 10:33:08,21.25
2025-09-09 10:33:10,21.19
2025-09-09 10:33:13,21.19
2025-09-09 10:33:15,21.19
2025-09-09 10:33:17,21.19
2025-09-09 10:33:20,21.19
2025-09-09 10:33:22,21.25
2025-09-09 10:33:24,21.25
2025-09-09 10:33:26,21.25
2025-09-09 10:33:29,21.19
2025-09-09 10:33:31,21.19
2025-09-09 10:33:33,21.19
2025-09-09 10:33:36,21.25
2025-09-09 10:33:38,21.19
2025-09-09 10:33:40,21.19
2025-09-09 10:33:43,21.19
2025-09-09 10:33:45,21.25
2025-09-09 10:33:47,21.19
2025-09-09 10:33:50,21.25
2025-09-09 10:33:52,21.19
2025-09-09 10:33:54,21.25
2025-09-09 10:33:56,21.25
2025-09-09 10:33:59,21.25
2025-09-09 10:34:01,21.25
2025-09-09 10:34:03,21.25
2025-09-09 10:34:06,21.19
2025-09-09 10:34:08,21.25
2025-09-09 10:34:10,21.25
2025-09-09 10:34:13,21.25
2025-09-09 10:34:15,21.25
2025-09-09 10:34:17,21.19
2025-09-09 10:34:19,21.19
2025-09-09 10:34:22,21.19
2025-09-09 10:34:24,21.19
2025-09-09 10:34:26,21.19
2025-09-09 10:34:29,21.19
2025-09-09 10:34:31,21.19
2025-09-09 10:34:33,21.19
2025-09-09 10:34:36,21.12
2025-09-09 10:34:38,21.12
2025-09-09 10:34:40,21.19
2025-09-09 10:34:43,21.19
2025-09-09 10:34:45,21.12
2025-09-09 10:34:47,21.12
2025-09-09 10:34:49,21.12
2025-09-09 10:34:52,21.12
2025-09-09 10:34:54,21.12
2025-09-09 10:34:56,21.12
2025-09-09 10:34:59,21.12
2025-09-09 10:35:01,21.12
2025-09-09 10:35:03,21.12
2025-09-09 10:35:06,21.12
2025-09-09 10:35:08,21.12
2025-09-09 10:35:10,21.12
2025-09-09 10:35:12,21.12
2025-09-09 10:35:15,21.12
2025-09-09 10:35:17,21.12
2025-09-09 10:35:19,21.12
2025-09-09 10:35:22,21.12
2025-09-09 10:35:24,21.12
2025-09-09 10:35:26,21.12
2025-09-09 10:35:29,21.12
2025-09-09 10:35:31,21.12
2025-09-09 10:35:33,21.06
2025-09-09 10:35:36,21.12
2025-09-09 10:35:38,21.06
2025-09-09 10:35:40,21.06
2025-09-09 10:35:42,21.06
2025-09-09 10:35:45,21.12
2025-09-09 10:35:47,21.06
2025-09-09 10:35:49,21.06
2025-09-09 10:35:52,21.06
2025-09-09 10:35:54,21.06
2025-09-09 10:35:56,21.06
2025-09-09 10:35:59,21.06
2025-09-09 10:36:01,21.06
2025-09-09 10:36:03,21.06
2025-09-09 10:36:05,21.06
2025-09-09 10:36:08,21.06
2025-09-09 10:36:10,21.06
2025-09-09 10:36:12,21.06
2025-09-09 10:36:15,21.06
2025-09-09 10:36:17,21.06
2025-09-09 10:36:19,21.06
2025-09-09 10:36:22,21.06
2025-09-09 10:36:24,21.00
2025-09-09 10:36:26,21.00
2025-09-09 10:36:29,21.06
2025-09-09 10:36:31,21.06
2025-09-09 10:36:33,21.00
2025-09-09 10:36:35,21.06
2025-09-09 10:36:38,21.06
2025-09-09 10:36:40,21.06
2025-09-09 10:36:42,21.00
2025-09-09 10:36:45,21.06
2025-09-09 10:36:47,21.00
2025-09-09 10:36:49,21.00
2025-09-09 10:36:52,21.00
2025-09-09 10:36:54,21.00
2025-09-09 10:36:56,21.00
2025-09-09 10:36:58,21.00
2025-09-09 10:37:01,21.00
2025-09-09 10:37:03,21.00
2025-09-09 10:37:05,21.00
2025-09-09 10:37:08,21.00
2025-09-09 10:37:10,21.00
2025-09-09 10:37:12,21.00
2025-09-09 10:37:15,21.00
2025-09-09 10:37:17,21.00
2025-09-09 10:37:19,21.00
2025-09-09 10:37:22,21.00
2025-09-09 10:37:24,21.06
2025-09-09 10:37:26,21.00
2025-09-09 10:37:28,21.00
2025-09-09 10:37:31,21.06
2025-09-09 10:37:33,21.00
2025-09-09 10:37:35,21.00
2025-09-09 10:37:38,21.06
2025-09-09 10:37:40,21.06
2025-09-09 10:37:42,21.06
2025-09-09 10:37:45,21.06
2025-09-09 10:37:47,21.06
2025-09-09 10:37:49,21.06
2025-09-09 10:37:51,21.06
2025-09-09 10:37:54,21.00
2025-09-09 10:37:56,21.06
2025-09-09 10:37:58,21.06
2025-09-09 10:38:01,21.06
2025-09-09 10:38:03,21.06
2025-09-09 10:38:05,21.06
2025-09-09 10:38:08,21.06
2025-09-09 10:38:10,21.06
2025-09-09 10:38:12,21.12
2025-09-09 10:38:15,21.06
2025-09-09 10:38:17,21.06
2025-09-09 10:38:19,21.12
2025-09-09 10:38:21,21.06
2025-09-09 10:38:24,21.06
2025-09-09 10:38:26,21.06
2025-09-09 10:38:28,21.06
2025-09-09 10:38:31,21.06
2025-09-09 10:38:33,21.06
2025-09-09 10:38:35,21.06
2025-09-09 10:38:38,21.06
2025-09-09 10:38:40,21.06
2025-09-09 10:38:42,21.06
2025-09-09 10:38:44,21.00
2025-09-09 10:38:47,21.06
2025-09-09 10:38:49,21.00
2025-09-09 10:38:51,21.00
2025-09-09 10:38:54,21.00
2025-09-09 10:38:56,21.00
2025-09-09 10:38:58,21.00
2025-09-09 10:39:01,21.00
2025-09-09 10:39:03,21.00
2025-09-09 10:39:05,21.00
2025-09-09 10:39:08,20.94
2025-09-09 10:39:10,21.00
2025-09-09 10:39:12,20.94
2025-09-09 10:39:14,20.94
2025-09-09 10:39:17,20.94
2025-09-09 10:39:19,20.94
2025-09-09 10:39:21,20.94
2025-09-09 10:39:24,20.94
2025-09-09 10:39:26,20.94
2025-09-09 10:39:28,21.00
2025-09-09 10:39:31,20.94
2025-09-09 10:39:33,21.00
2025-09-09 10:39:35,21.00
2025-09-09 10:39:37,20.94
2025-09-09 10:39:40,21.00
2025-09-09 10:39:42,20.94
2025-09-09 10:39:44,21.00
2025-09-09 10:39:47,21.00
2025-09-09 10:39:49,21.00
2025-09-09 10:39:51,20.94
2025-09-09 10:39:54,20.94
2025-09-09 10:39:56,20.94
2025-09-09 10:39:58,20.94
2025-09-09 10:40:01,20.94
2025-09-09 10:40:03,20.94
2025-09-09 10:40:05,21.00
2025-09-09 10:40:07,20.94
2025-09-09 10:40:10,20.94
2025-09-09 10:40:12,20.94
2025-09-09 10:40:14,20.94
2025-09-09 10:40:17,20.94
2025-09-09 10:40:19,20.94
2025-09-09 10:40:21,20.94
2025-09-09 10:40:24,20.94
2025-09-09 10:40:26,20.94
2025-09-09 10:40:28,20.94
2025-09-09 10:40:30,20.94
2025-09-09 10:40:33,20.94
2025-09-09 10:40:35,20.94
2025-09-09 10:40:37,20.94
2025-09-09 10:40:40,20.94
2025-09-09 10:40:42,20.94
2025-09-09 10:40:44,20.94
2025-09-09 10:40:47,20.94
2025-09-09 10:40:49,20.94
2025-09-09 10:40:51,20.94
2025-09-09 10:40:53,21.00
2025-09-09 10:40:56,21.00
2025-09-09 10:40:58,21.00
2025-09-09 10:41:00,21.00
2025-09-09 10:41:03,21.00
2025-09-09 10:41:05,21.00
2025-09-09 10:41:07,21.00
2025-09-09 10:41:10,21.00
2025-09-09 10:41:12,21.00
2025-09-09 10:41:14,21.00
2025-09-09 10:41:17,21.00
2025-09-09 10:41:19,21.00
2025-09-09 10:41:21,21.00
2025-09-09 10:41:23,21.00
2025-09-09 10:41:26,21.00
2025-09-09 10:41:28,21.00
2025-09-09 10:41:30,21.00
2025-09-09 10:41:33,21.00
2025-09-09 10:41:35,21.06
2025-09-09 10:41:37,21.06
2025-09-09 10:41:40,21.06
2025-09-09 10:41:42,21.06
2025-09-09 10:41:44,21.06
2025-09-09 10:41:46,21.06
2025-09-09 10:41:49,21.06
                                                                                                                                  2025-09-09 10:50:54,28.69
2025-09-09 10:50:56,28.62
2025-09-09 10:50:58,28.50
2025-09-09 10:51:01,28.44
2025-09-09 10:51:03,28.31
2025-09-09 10:51:05,28.31
2025-09-09 10:51:08,28.62
2025-09-09 10:51:10,28.94
2025-09-09 10:51:12,28.94
2025-09-09 10:51:15,29.31
2025-09-09 10:51:17,29.56
2025-09-09 10:51:19,29.75
2025-09-09 10:51:21,29.81
2025-09-09 10:51:24,29.94
2025-09-09 10:51:26,30.06
2025-09-09 10:51:28,30.12
2025-09-09 10:51:31,30.19
2025-09-09 10:51:33,30.25
2025-09-09 10:51:35,30.25
2025-09-09 10:51:38,30.19
2025-09-09 10:51:40,30.06
2025-09-09 10:51:42,29.94
2025-09-09 10:51:44,29.88
2025-09-09 10:51:47,29.75
2025-09-09 10:51:49,29.62
2025-09-09 10:51:51,29.50
2025-09-09 10:51:54,29.38
2025-09-09 10:51:56,29.25
2025-09-09 10:51:58,29.12
2025-09-09 10:52:01,29.06
2025-09-09 10:52:03,28.94
2025-09-09 10:52:05,28.88
2025-09-09 10:52:08,28.75
2025-09-09 10:52:10,28.69
2025-09-09 10:52:12,28.62
2025-09-09 10:52:14,28.56
2025-09-09 10:52:17,28.44
2025-09-09 10:52:19,28.38
2025-09-09 10:52:21,28.31
2025-09-09 10:52:24,28.19
2025-09-09 10:52:26,28.12
2025-09-09 10:52:28,28.12
2025-09-09 10:52:31,28.00
2025-09-09 10:52:33,27.94
2025-09-09 10:52:35,27.88
2025-09-09 10:52:38,27.75
2025-09-09 10:52:40,27.75
2025-09-09 10:52:42,27.62
2025-09-09 10:52:44,27.62
2025-09-09 10:52:47,27.56
2025-09-09 10:52:49,27.56
2025-09-09 10:52:51,27.38
2025-09-09 10:52:54,27.38
2025-09-09 10:52:56,27.31
2025-09-09 10:52:58,27.19
2025-09-09 10:53:01,27.19
2025-09-09 10:53:03,27.06
2025-09-09 10:53:05,27.00
2025-09-09 10:53:07,26.94
2025-09-09 10:53:10,26.88
2025-09-09 10:53:12,26.81
2025-09-09 10:53:14,26.75
2025-09-09 10:53:17,26.75
2025-09-09 10:53:19,26.62
2025-09-09 10:53:21,26.62
2025-09-09 10:53:24,26.56
2025-09-09 10:53:26,26.50
2025-09-09 10:53:28,26.50
2025-09-09 10:53:31,26.44
2025-09-09 10:53:33,26.38
2025-09-09 10:53:35,26.31
2025-09-09 10:53:37,26.25
2025-09-09 10:53:40,26.25
2025-09-09 10:53:42,26.19
2025-09-09 10:53:44,26.19
2025-09-09 10:53:47,26.06
2025-09-09 10:53:49,26.00
2025-09-09 10:53:51,26.00
2025-09-09 10:53:54,25.94
2025-09-09 10:53:56,25.94
2025-09-09 10:53:58,25.88
2025-09-09 10:54:01,25.81
2025-09-09 10:54:03,25.81
2025-09-09 10:54:05,25.81
2025-09-09 10:54:07,25.69
2025-09-09 10:54:10,25.69
2025-09-09 10:54:12,25.62
2025-09-09 10:54:14,25.62
2025-09-09 10:54:17,25.69
2025-09-09 10:54:19,25.62
2025-09-09 10:54:21,25.56
2025-09-09 10:54:24,25.50
2025-09-09 10:54:26,25.38
2025-09-09 10:54:28,25.38
2025-09-09 10:54:31,25.25
2025-09-09 10:54:33,25.25
2025-09-09 10:54:35,25.12
2025-09-09 10:54:37,25.06
2025-09-09 10:54:40,25.06
2025-09-09 10:54:42,25.00
2025-09-09 10:54:44,24.94
2025-09-09 10:54:47,24.94
2025-09-09 10:54:49,24.88
2025-09-09 10:54:51,24.81
2025-09-09 10:54:54,24.75
2025-09-09 10:54:56,24.75
2025-09-09 10:54:58,24.75
2025-09-09 10:55:00,24.69
2025-09-09 10:55:03,24.62
2025-09-09 10:55:05,24.62
2025-09-09 10:55:07,24.56
2025-09-09 10:55:10,24.50
2025-09-09 10:55:12,24.50
2025-09-09 10:55:14,24.44
2025-09-09 10:55:17,24.38
2025-09-09 10:55:19,24.38
2025-09-09 10:55:21,24.31
2025-09-09 10:55:24,24.25
2025-09-09 10:55:26,24.19
2025-09-09 10:55:28,24.19
2025-09-09 10:55:30,24.19
2025-09-09 10:55:33,24.12
2025-09-09 10:55:35,24.06
2025-09-09 10:55:37,24.00
2025-09-09 10:55:40,24.00
2025-09-09 10:55:42,23.94
2025-09-09 10:55:44,23.94
2025-09-09 10:55:47,23.88
2025-09-09 10:55:49,23.81
2025-09-09 10:55:51,23.81
2025-09-09 10:55:53,23.81
2025-09-09 10:55:56,23.75
2025-09-09 10:55:58,23.75
2025-09-09 10:56:00,23.62
2025-09-09 10:56:03,23.62
2025-09-09 10:56:05,23.62
2025-09-09 10:56:07,23.56
2025-09-09 10:56:10,23.56
2025-09-09 10:56:12,23.50
2025-09-09 10:56:14,23.50
2025-09-09 10:56:17,23.44
2025-09-09 10:56:19,23.44
2025-09-09 10:56:21,23.38
2025-09-09 10:56:23,23.31
2025-09-09 10:56:26,23.31
2025-09-09 10:56:28,23.31
2025-09-09 10:56:30,23.25
2025-09-09 10:56:33,23.19
2025-09-09 10:56:35,23.19
2025-09-09 10:56:37,23.12
2025-09-09 10:56:40,23.12
2025-09-09 10:56:42,23.12
2025-09-09 10:56:44,23.06
2025-09-09 10:56:47,23.00
2025-09-09 10:56:49,23.00
2025-09-09 10:56:51,22.94
2025-09-09 10:56:53,22.94
2025-09-09 10:56:56,22.94
2025-09-09 10:56:58,22.88
2025-09-09 10:57:00,22.88
2025-09-09 10:57:03,22.81
2025-09-09 10:57:05,22.81
2025-09-09 10:57:07,22.81
2025-09-09 10:57:10,22.75
2025-09-09 10:57:12,22.75
2025-09-09 10:57:14,22.69
2025-09-09 10:57:16,22.69
2025-09-09 10:57:19,22.69
2025-09-09 10:57:21,22.62
2025-09-09 10:57:23,22.56
2025-09-09 10:57:26,22.56
2025-09-09 10:57:28,22.50
2025-09-09 10:57:30,22.50
2025-09-09 10:57:33,22.50
2025-09-09 10:57:35,22.50
2025-09-09 10:57:37,22.44
2025-09-09 10:57:40,22.44
2025-09-09 10:57:42,22.44
2025-09-09 10:57:44,22.38
2025-09-09 10:57:46,22.38
2025-09-09 10:57:49,22.38
2025-09-09 10:57:51,22.31
2025-09-09 10:57:53,22.31
2025-09-09 10:57:56,22.31
2025-09-09 10:57:58,22.25
2025-09-09 10:58:00,22.25
2025-09-09 10:58:03,22.25
2025-09-09 10:58:05,22.25
2025-09-09 10:58:07,22.19
2025-09-09 10:58:09,22.19
2025-09-09 10:58:12,22.19
2025-09-09 10:58:14,22.12
2025-09-09 10:58:16,22.12
2025-09-09 10:58:19,22.06
2025-09-09 10:58:21,22.06
2025-09-09 10:58:23,22.06
2025-09-09 10:58:26,22.06
2025-09-09 10:58:28,22.06
2025-09-09 10:58:30,22.00
2025-09-09 10:58:33,22.00
2025-09-09 10:58:35,21.94
2025-09-09 10:58:37,21.94
2025-09-09 10:58:39,21.94
2025-09-09 10:58:42,21.94
2025-09-09 10:58:44,21.88
2025-09-09 10:58:46,21.88
2025-09-09 10:58:49,21.88
2025-09-09 10:58:51,21.88
2025-09-09 10:58:53,21.81
2025-09-09 10:58:56,21.81
2025-09-09 10:58:58,21.81
2025-09-09 10:59:00,21.81
2025-09-09 10:59:03,21.81
2025-09-09 10:59:05,21.81
2025-09-09 10:59:07,21.81
2025-09-09 10:59:09,21.81
2025-09-09 10:59:12,21.75
2025-09-09 10:59:14,21.75
2025-09-09 10:59:16,21.75
2025-09-09 10:59:19,21.75
2025-09-09 10:59:21,21.69
2025-09-09 10:59:23,21.69
2025-09-09 10:59:26,21.69
2025-09-09 10:59:28,21.69
2025-09-09 10:59:30,21.69
2025-09-09 10:59:32,21.69
2025-09-09 10:59:35,21.62
2025-09-09 10:59:37,21.62
2025-09-09 10:59:39,21.62
2025-09-09 10:59:42,21.62
2025-09-09 10:59:44,21.62
2025-09-09 10:59:46,21.62
2025-09-09 10:59:49,21.62
2025-09-09 10:59:51,21.62
2025-09-09 10:59:53,21.56
2025-09-09 10:59:56,21.56
2025-09-09 10:59:58,21.56
2025-09-09 11:00:00,21.56
2025-09-09 11:00:03,21.56
2025-09-09 11:00:05,21.56
2025-09-09 11:00:07,21.50
2025-09-09 11:00:09,21.56
2025-09-09 11:00:12,21.56
2025-09-09 11:00:14,21.50
2025-09-09 11:00:16,21.50
2025-09-09 11:00:19,21.50
2025-09-09 11:00:21,21.50
2025-09-09 11:00:23,21.50
2025-09-09 11:00:26,21.50
2025-09-09 11:00:28,21.50
2025-09-09 11:00:30,21.50
2025-09-09 11:00:32,21.50
2025-09-09 11:00:35,21.44
2025-09-09 11:00:37,21.44
2025-09-09 11:00:39,21.44
2025-09-09 11:00:42,21.44
2025-09-09 11:00:44,21.44
2025-09-09 11:00:46,21.44
2025-09-09 11:00:49,21.44
2025-09-09 11:00:51,21.44
2025-09-09 11:00:53,21.38
2025-09-09 11:00:56,21.44
2025-09-09 11:00:58,21.38
2025-09-09 11:01:00,21.38
2025-09-09 11:01:02,21.38
2025-09-09 11:01:05,21.38
2025-09-09 11:01:07,21.38
2025-09-09 11:01:09,21.38
2025-09-09 11:01:12,21.38
2025-09-09 11:01:14,21.38
2025-09-09 11:01:16,21.38
2025-09-09 11:01:19,21.31
2025-09-09 11:01:21,21.38
2025-11-20 19:47:40,21.31
2025-11-20 19:47:42,21.38
2025-11-20 19:47:44,21.31
2025-11-20 19:47:46,21.31
2025-11-20 19:47:49,21.31
2025-11-20 19:47:51,21.31
2025-11-20 19:47:53,21.31
2025-11-20 19:47:56,21.31
2025-11-20 19:47:58,21.31
2025-11-20 19:48:00,21.31
2025-11-20 19:48:03,21.31
2025-11-20 19:48:05,21.31
2025-11-20 19:48:07,21.25
2025-11-20 19:48:10,21.25
2025-11-20 19:48:12,21.25
2025-11-20 19:48:14,21.25
2025-11-20 19:48:17,21.25
2025-11-20 19:48:19,21.25
2025-11-20 19:48:21,21.25
2025-11-20 19:48:23,21.25
2025-11-20 19:48:26,21.31
2025-11-20 19:48:28,21.25
2025-11-20 19:48:30,21.25
2025-11-20 19:48:33,21.25
2025-11-20 19:48:35,21.19
2025-11-20 19:48:37,21.25
2025-11-20 19:48:40,21.19
2025-11-20 19:48:42,21.25
2025-11-20 19:48:44,21.25
2025-11-20 19:48:47,21.19
2025-11-20 19:48:49,21.19
2025-11-20 19:48:51,21.19
2025-11-20 19:48:54,21.19
2025-11-20 19:48:56,21.19
2025-11-20 19:48:58,21.19
2025-11-20 19:49:00,21.19
2025-11-20 19:49:03,21.19
2025-11-20 19:49:05,21.19
2025-11-20 19:49:08,21.19
2025-11-20 19:49:10,21.19
2025-11-20 19:49:12,21.19
2025-11-20 19:49:14,21.19
2025-11-20 19:49:17,21.19
2025-11-20 19:49:19,21.19
2025-11-20 19:49:21,21.19
2025-11-20 19:49:24,21.19
2025-11-20 19:49:26,21.19
2025-11-20 19:49:28,21.19
2025-11-20 19:49:31,21.19
2025-11-20 19:49:33,21.19
2025-11-20 19:49:35,21.19
2025-11-20 19:49:38,21.19
2025-11-20 19:49:40,21.12
2025-11-20 19:49:44,21.19
2025-11-20 19:49:47,21.19
2025-11-20 19:49:49,21.19
2025-11-20 19:49:51,21.19
2025-11-20 19:49:54,21.19
2025-11-20 19:49:56,21.19
2025-11-20 19:49:58,21.12
2025-11-20 19:50:01,21.19
2025-11-20 19:50:03,21.19
2025-11-20 19:50:05,21.12
2025-11-20 19:50:08,21.12
2025-11-20 19:50:10,21.12
2025-11-20 19:50:12,21.12
2025-11-20 19:50:14,21.12
2025-11-20 19:50:17,21.12
2025-11-20 19:50:19,21.12
2025-11-20 19:50:21,21.19
2025-11-20 19:50:24,21.12
2025-11-20 19:50:26,21.12
2025-11-20 19:50:28,21.12
2025-11-20 19:50:31,21.19
2025-11-20 19:50:33,21.12
2025-11-20 19:50:35,21.19
2025-11-20 19:50:38,21.19
2025-11-20 19:50:40,21.12
2025-11-20 19:50:42,21.12
2025-11-20 19:50:44,21.12
2025-11-20 19:50:47,21.19
2025-11-20 19:50:49,21.12
2025-11-20 19:50:51,21.12
2025-11-20 19:50:54,21.19
2025-11-20 19:50:56,21.12
2025-11-20 19:50:58,21.12
2025-11-20 19:51:01,21.19
2025-11-20 19:51:03,21.19
2025-11-20 19:51:05,21.12
2025-11-20 19:51:08,21.19
2025-11-20 19:51:10,21.12
2025-11-20 19:51:12,21.12
2025-11-20 19:51:14,21.19
2025-11-20 19:51:17,21.12
2025-11-20 19:51:19,21.12
2025-11-20 19:51:21,21.12
2025-11-20 19:51:24,21.12
2025-11-20 19:51:26,21.12
2025-11-20 19:51:28,21.19
2025-11-20 19:51:31,21.12
2025-11-20 19:51:33,21.12
2025-11-20 19:51:35,21.19
2025-11-20 19:51:37,21.12
2025-11-20 19:51:40,21.19
2025-11-20 19:51:42,21.19
2025-11-20 19:51:44,21.12
2025-11-20 19:51:47,21.12
2025-11-20 19:51:49,21.19
2025-11-20 19:51:51,21.19
2025-11-20 19:51:54,21.19
2025-11-20 19:51:56,21.19
2025-11-20 19:51:58,21.19
2025-11-20 19:52:01,21.19
2025-11-20 19:52:03,21.19
2025-11-20 19:52:05,21.19
2025-11-20 19:52:07,21.19
2025-11-20 19:52:10,21.19
2025-11-20 19:52:12,21.19
2025-11-20 19:52:14,21.19
2025-11-20 19:52:17,21.19
2025-11-20 19:52:19,21.19
2025-11-20 19:52:21,21.19
2025-11-20 19:52:24,21.19
2025-11-20 19:52:26,21.19
2025-11-20 19:52:28,21.19
2025-11-20 19:52:31,21.19
2025-11-20 19:52:33,21.19
2025-11-20 19:52:35,21.19
2025-11-20 19:52:38,21.19
2025-11-20 19:52:40,21.19
2025-11-20 19:52:42,21.19
2025-11-20 19:52:45,21.19
2025-11-20 19:52:47,21.19
2025-11-20 19:52:49,21.19
2025-11-20 19:52:51,21.19
2025-11-20 19:52:54,21.19
2025-11-20 19:52:56,21.19
2025-11-20 19:52:58,21.19
2025-11-20 19:53:01,21.19
2025-11-20 19:53:03,21.19
2025-11-20 19:53:05,21.19
2025-11-20 19:53:08,21.19
2025-11-20 19:53:10,21.19
2025-11-20 19:53:12,21.25
2025-11-20 19:53:14,21.19
2025-11-20 19:53:17,21.19
2025-11-20 19:53:19,21.25
2025-11-20 19:53:21,21.19
2025-11-20 19:53:24,21.25
2025-11-20 19:53:26,21.25
2025-11-20 19:53:28,21.25
2025-11-20 19:53:31,21.25
2025-11-20 19:53:33,21.25
2025-11-20 19:53:35,21.25
2025-11-20 19:53:38,21.25
2025-11-20 19:53:40,21.25
2025-11-20 19:53:42,21.25
2025-11-20 19:53:44,21.25
2025-11-20 19:53:47,21.25
2025-11-20 19:53:49,21.25
2025-11-20 19:53:51,21.25
2025-11-20 19:53:54,21.25
2025-11-20 19:53:56,21.31
2025-11-20 19:53:58,21.25
2025-11-20 19:54:01,21.31
2025-11-20 19:54:03,21.25
2025-11-20 19:54:05,21.25
2025-11-20 19:54:08,21.25
2025-11-20 19:54:10,21.25
2025-11-20 19:54:12,21.31
2025-11-20 19:54:14,21.31
2025-11-20 19:54:17,21.31
2025-11-20 19:54:19,21.31
2025-11-20 19:54:21,21.31
2025-11-20 19:54:24,21.31
2025-11-20 19:54:26,21.31
2025-11-20 19:54:28,21.25
2025-11-20 19:54:31,21.31
2025-11-20 19:54:33,21.31
2025-11-20 19:54:35,21.31
2025-11-20 19:54:38,21.31
2025-11-20 19:54:40,21.31
2025-11-20 19:54:42,21.31
2025-11-20 19:54:45,21.31
2025-11-20 19:54:47,21.31
2025-11-20 19:54:49,21.31
2025-11-20 19:54:51,21.31
2025-11-20 19:54:54,21.31
2025-11-20 19:54:56,21.31
2025-11-20 19:54:58,21.31
2025-11-20 19:55:01,21.31
2025-11-20 19:55:03,21.31
2025-11-20 19:55:05,21.31
2025-11-20 19:55:08,21.31
2025-11-20 19:55:10,21.31
2025-11-20 19:55:12,21.38
2025-11-20 19:55:14,21.31
2025-11-20 19:55:17,21.38
2025-11-20 19:55:19,21.38
2025-11-20 19:55:21,21.38
2025-11-20 19:55:24,21.31
2025-11-20 19:55:26,21.31
2025-11-20 19:55:28,21.31
2025-11-20 19:55:31,21.38
2025-11-20 19:55:33,21.31
2025-11-20 19:55:35,21.38
2025-11-20 19:55:37,21.31
2025-11-20 19:55:40,21.38
2025-11-20 19:55:42,21.38
2025-11-20 19:55:44,21.38
2025-11-20 19:55:47,21.38
2025-11-20 19:55:49,21.38
2025-11-20 19:55:51,21.38
                                                                                                                                                                                                                                                                    2025-11-20 20:08:15,21.44
2025-11-20 20:08:17,21.44
2025-11-20 20:08:20,21.44
2025-11-20 20:08:22,21.44
2025-11-20 20:08:24,21.44
2025-11-20 20:09:12,21.44
2025-11-20 20:09:14,21.38
2025-11-20 21:48:18,21.06
2025-11-20 21:48:20,21.12
2025-11-20 21:51:05,21.12
2025-11-20 21:51:07,21.12
2025-11-20 21:51:10,21.12
2025-11-20 21:51:12,21.12
2025-11-20 21:51:26,24.69
2025-11-20 21:51:29,25.69
2025-11-20 21:51:31,26.56
2025-11-20 21:51:33,27.25
2025-11-20 21:51:36,27.56
2025-11-20 21:51:38,27.62
2025-11-20 21:51:40,27.62
2025-11-20 21:51:43,27.56
2025-11-20 21:51:45,27.44
2025-11-20 21:51:47,27.38
2025-11-20 21:51:49,27.31
2025-11-20 21:51:52,27.19
2025-11-20 21:51:54,27.12
2025-11-20 21:51:56,27.00
2025-11-20 21:51:59,26.94
2025-11-20 21:52:01,26.81
2025-11-20 21:52:03,26.81
2025-11-20 21:52:06,26.75
2025-11-20 21:52:08,26.62
2025-11-20 21:52:10,26.56
2025-11-20 21:52:12,26.50
2025-11-20 21:52:15,26.44
2025-09-09 05:34:53,22.00
2025-09-09 05:34:55,21.94
2025-09-09 05:34:57,22.00
2025-09-09 05:34:59,22.00
2025-09-09 05:35:02,22.00
2025-09-09 05:35:04,22.00
2025-09-09 05:35:06,22.00
2025-09-09 05:35:09,22.00
2025-09-09 05:35:11,22.00
2025-09-09 05:35:13,22.00
2025-09-09 05:35:16,22.00
2025-09-09 05:35:18,22.00
2025-09-09 05:35:20,22.00
2025-09-09 05:35:23,22.00
2025-09-09 05:35:25,22.00
2025-09-09 05:35:27,22.00
2025-09-09 05:35:29,22.00
2025-09-09 05:35:32,22.00
2025-09-09 05:35:34,22.00
2025-09-09 05:35:36,22.00
2025-09-09 05:35:39,22.00
2025-09-09 05:35:41,22.00
2025-09-09 05:35:43,22.00
2025-09-09 05:35:46,22.00
2025-09-09 05:35:48,22.00
2025-09-09 05:35:50,22.06
2025-09-09 05:35:52,22.00
2025-09-09 05:35:55,22.00
2025-09-09 05:35:57,22.00
2025-09-09 05:35:59,22.06
2025-09-09 05:36:02,22.00
2025-09-09 05:36:04,22.00
2025-09-09 05:36:06,22.00
2025-09-09 05:36:09,22.00
2025-09-09 05:36:11,22.06
2025-09-09 05:36:13,22.00
2025-09-09 05:36:16,22.00
2025-09-09 05:36:18,22.00
2025-09-09 05:36:20,22.00
2025-09-09 05:36:22,22.06
2025-09-09 05:36:25,22.00
2025-09-09 05:36:27,22.06
2025-09-09 05:36:29,22.06
2025-09-09 05:36:32,22.00
2025-09-09 05:36:34,22.06
2025-09-09 05:36:36,22.00
2025-09-09 05:36:39,22.00
2025-09-09 05:36:41,22.06
2025-09-09 05:36:43,22.06
2025-09-09 05:36:45,22.06
2025-09-09 05:36:48,22.00
2025-09-09 05:36:50,22.06
2025-09-09 05:36:52,22.06
2025-09-09 05:36:55,22.06
2025-09-09 05:36:57,22.06
2025-09-09 05:36:59,22.06
2025-09-09 05:37:02,22.00
2025-09-09 05:37:04,22.06
2025-09-09 05:37:06,0.00
2025-09-09 05:37:09,0.00
2025-09-09 05:37:11,0.00
2025-09-09 05:37:13,0.00
2025-09-09 05:37:15,22.06
2025-09-09 05:37:18,22.06
2025-09-09 05:37:20,22.06
2025-09-09 05:37:22,22.06
2025-09-09 05:37:25,22.06
2025-09-09 05:37:27,22.06
2025-09-09 05:37:29,22.06
2025-09-09 05:37:32,22.06
2025-09-09 05:37:34,22.06
2025-09-09 05:37:36,22.06
2025-09-09 05:37:38,22.06
2025-09-09 05:37:41,22.06
2025-09-09 05:37:43,22.06
2025-09-09 05:37:45,22.06
2025-09-09 05:37:48,22.06
2025-09-09 05:37:50,22.06
2025-09-09 05:37:52,22.06
2025-09-09 05:37:55,22.06
2025-09-09 05:37:57,22.06
2025-09-09 05:37:59,22.06
2025-09-09 05:38:02,22.06
2025-09-09 05:38:04,22.06
2025-09-09 05:38:06,22.06
2025-09-09 05:38:08,22.06
2025-09-09 05:38:11,22.06
2025-09-09 05:38:13,22.06
2025-09-09 05:38:15,22.06
2025-09-09 05:38:18,22.06
2025-09-09 05:38:20,22.06
2025-09-09 05:38:22,22.06
2025-09-09 05:38:25,22.06
2025-09-09 05:38:27,22.06
2025-09-09 05:38:29,22.06
2025-09-09 05:38:31,22.12
2025-09-09 05:38:34,22.06
2025-09-09 05:38:36,22.06
2025-09-09 05:38:38,22.06
2025-09-09 05:38:41,22.06
2025-09-09 05:38:43,22.06
2025-09-09 05:38:45,22.12
2025-09-09 05:38:48,22.06
2025-09-09 05:38:50,22.12
2025-09-09 05:38:52,22.12
2025-09-09 05:38:55,22.12
2025-09-09 05:38:57,22.12
2025-09-09 05:38:59,22.12
2025-09-09 05:39:01,22.06
2025-09-09 05:39:04,22.06
2025-09-09 05:39:06,22.12
2025-09-09 05:39:08,22.06
2025-09-09 05:39:11,22.12
2025-09-09 05:39:13,22.06
2025-09-09 05:39:15,22.12
2025-09-09 05:39:18,22.12
2025-09-09 05:39:20,22.06
2025-09-09 05:39:22,22.06
2025-09-09 05:39:24,22.12
2025-09-09 05:39:27,22.06
2025-09-09 05:39:29,22.12
2025-09-09 05:39:31,22.06
2025-09-09 05:39:34,22.12
2025-09-09 05:39:36,22.12
2025-09-09 05:39:38,22.06
2025-09-09 05:39:41,22.12
2025-09-09 05:39:43,22.12
2025-09-09 05:39:45,22.12
2025-09-09 05:39:47,22.12
2025-09-09 05:39:50,22.12
2025-09-09 05:39:52,22.12
2025-09-09 05:39:54,22.12
2025-09-09 05:39:57,22.12
2025-09-09 05:39:59,22.12
2025-09-09 05:40:01,22.12
2025-09-09 05:40:04,22.12
2025-09-09 05:40:06,22.12
2025-09-09 05:40:08,22.12
2025-09-09 05:40:11,22.12
2025-09-09 05:40:13,22.12
2025-09-09 05:40:15,22.12
2025-09-09 05:40:17,22.12
2025-09-09 05:40:20,0.00
2025-09-09 05:40:22,0.00
2025-09-09 05:40:24,0.00
2025-09-09 05:40:27,0.00
2025-09-09 05:40:29,0.00
2025-09-09 05:40:31,0.00
2025-09-09 05:40:34,0.00
2025-09-09 05:40:36,0.00
2025-09-09 05:40:38,0.00
2025-09-09 05:40:41,0.00
2025-09-09 05:40:43,0.00
2025-09-09 05:40:45,0.00
2025-09-09 05:40:47,0.00
2025-09-09 05:40:50,0.00
2025-09-09 05:40:52,0.00
2025-09-09 05:40:54,0.00
2025-09-09 05:40:57,0.00
2025-09-09 05:40:59,0.00
2025-09-09 05:41:01,0.00
2025-09-09 05:41:04,0.00
2025-09-09 05:41:06,0.00
2025-09-09 05:41:08,0.00
2025-09-09 05:41:11,0.00
2025-09-09 05:41:13,0.00
2025-09-09 05:41:15,0.00
2025-09-09 05:41:18,0.00
2025-09-09 05:41:20,0.00
2025-09-09 05:41:22,0.00
2025-09-09 05:41:24,0.00
2025-09-09 05:41:27,0.00
2025-09-09 05:41:29,0.00
2025-09-09 05:41:31,0.00
2025-09-09 05:41:34,0.00
2025-09-09 05:41:36,0.00
2025-09-09 05:41:38,0.00
2025-09-09 05:41:41,0.00
2025-09-09 05:41:43,0.00
2025-09-09 05:41:45,0.00
2025-09-09 05:41:48,0.00
2025-09-09 05:41:50,0.00
2025-09-09 05:41:52,0.00
2025-09-09 05:41:54,0.00
2025-09-09 05:41:57,0.00
2025-09-09 05:41:59,0.00
2025-09-09 05:42:01,0.00
2025-09-09 05:42:04,0.00
2025-09-09 05:42:06,0.00
2025-09-09 05:42:08,0.00
2025-09-09 05:42:11,0.00
2025-09-09 05:42:13,0.00
2025-09-09 05:42:15,0.00
2025-09-09 05:42:18,0.00
2025-09-09 05:42:20,0.00
2025-09-09 05:42:22,0.00
2025-12-11 12:38:45,21.12
2025-12-11 12:38:47,21.12
2025-12-11 12:38:50,21.12
2025-12-11 12:38:52,21.19
2025-12-11 12:38:54,21.12
2025-12-11 13:33:39,21.38
2025-12-11 13:33:41,21.38
2025-12-11 13:33:43,21.38
2025-12-11 13:33:45,21.38
2025-12-11 14:19:37,22.00
2025-12-11 14:19:40,22.00
2025-12-11 14:19:42,22.00
2025-12-11 14:19:44,22.06
2025-12-11 14:19:47,22.00
2025-12-11 14:19:49,22.06
2025-12-11 14:19:51,22.00
2025-12-11 14:19:54,22.06
2025-12-11 14:19:56,22.00
2025-12-11 14:19:58,22.00
2025-12-11 14:20:00,22.06
2025-12-11 14:20:03,22.06
2025-12-11 14:20:05,22.06
2025-12-11 14:20:07,22.06
2025-12-11 14:20:10,22.00
2025-12-11 14:20:12,22.06
2025-12-11 14:20:14,22.06
2025-12-11 14:20:17,22.00
2025-12-11 14:20:19,22.00
2025-12-11 14:20:21,22.00
2025-12-11 14:20:23,22.06
2025-12-11 14:20:26,22.06
2025-12-11 14:20:28,22.06
2025-12-11 14:20:30,22.06
2025-12-11 14:20:33,22.06
2025-12-11 14:20:35,22.06
2025-12-11 14:20:37,22.00
2025-12-11 14:20:40,22.00
2025-12-11 14:20:42,22.00
2025-12-11 14:20:44,22.00
2025-12-11 14:20:47,22.00
2025-12-11 14:20:49,22.00
2025-12-11 14:20:51,22.00
2025-12-11 14:20:53,21.94
2025-12-11 14:20:56,22.00
2025-12-11 14:20:58,22.00
2025-12-11 14:21:00,22.00
2025-12-11 14:21:03,22.00
2025-12-11 14:21:05,21.94
2025-12-11 14:21:07,21.94
2025-12-11 14:21:10,22.00
2025-12-11 14:21:12,21.94
2025-12-11 14:21:14,21.94
2025-12-11 14:21:16,21.94
2025-12-11 14:21:19,21.94
2025-12-11 14:21:21,21.94
2025-12-11 14:21:23,21.94
2025-12-11 14:21:26,21.94
2025-12-11 14:21:28,21.94
2025-12-11 14:21:30,21.94
2025-12-11 14:21:33,21.94
2025-12-11 14:21:35,21.94
2025-12-11 14:21:37,22.00
2025-12-11 14:21:40,22.00
2025-12-11 14:21:42,21.94
2025-12-11 14:21:44,21.94
2025-12-11 14:21:46,21.94
2025-12-11 14:21:49,22.00
2025-12-11 14:21:51,21.94
2025-12-11 14:21:53,21.94
2025-12-11 14:21:56,21.94
2025-12-11 14:21:58,22.00
2025-12-11 14:22:00,22.19
2025-12-11 14:22:03,22.56
2025-12-11 14:22:05,22.94
2025-12-11 14:22:07,23.25
2025-12-11 14:22:09,23.56
2025-12-11 14:22:12,23.81
2025-12-11 14:22:14,24.00
2025-12-11 14:22:16,24.00
2025-12-11 14:22:19,24.06
2025-12-11 14:22:21,24.00
2025-12-11 14:22:23,24.00
2025-12-11 14:22:26,23.88
2025-12-11 14:22:28,23.88
2025-12-11 14:22:30,23.81
2025-12-11 14:22:32,23.69
2025-12-11 14:22:35,23.69
2025-12-11 14:22:37,23.56
2025-12-11 14:22:39,23.50
2025-12-11 14:22:42,23.44
2025-12-11 14:22:44,23.38
2025-12-11 14:22:46,23.31
2025-12-11 14:22:49,23.25
2025-12-11 14:22:51,23.19
2025-12-11 14:22:53,23.12
2025-12-11 14:22:56,23.06
2025-12-11 14:22:58,23.06
2025-12-11 14:23:00,23.00
2025-12-11 14:23:02,22.94
2025-12-11 14:23:05,22.88
2025-12-11 14:23:07,22.88
2025-12-11 14:23:09,22.81
2025-12-11 14:23:12,22.75
2025-12-11 14:23:14,22.69
2025-12-11 14:23:16,22.69
2025-12-11 14:23:19,22.62
2025-12-11 14:23:21,22.62
2025-12-11 14:23:23,22.62
2025-12-11 14:23:25,22.56
2025-12-11 14:23:28,22.56
2025-12-11 14:23:30,22.50
2025-12-11 14:23:32,22.44
2025-12-11 14:23:35,22.50
2025-12-11 14:23:37,22.44
2025-12-11 14:23:39,22.44
2025-12-11 14:23:42,22.44
2025-12-11 14:23:44,22.38
2025-12-11 14:23:46,22.38
2025-12-11 14:23:49,22.38
2025-12-11 14:23:51,22.31
2025-12-11 14:23:53,22.31
2025-12-11 14:23:55,22.31
2025-12-11 14:23:58,22.31
2025-12-11 14:24:00,22.12
2025-12-11 14:24:02,21.38
2025-12-11 14:24:05,20.81
2025-12-11 14:24:07,20.50
2025-12-11 14:24:09,20.25
2025-12-11 14:24:12,20.12
2025-12-11 14:24:14,19.94
2025-12-11 14:24:16,19.88
2025-12-11 14:24:18,19.81
2025-12-11 14:24:21,19.69
2025-12-11 14:24:23,19.69
2025-12-11 14:24:25,19.62
2025-12-11 14:24:28,19.62
2025-12-11 14:24:30,19.62
2025-12-11 14:24:32,19.62
2025-12-11 14:24:35,19.56
2025-12-11 14:24:37,19.62
2025-12-11 14:24:39,19.62
2025-12-11 14:24:42,19.62
2025-12-11 14:24:44,19.62
2025-12-11 14:24:46,19.56
2025-12-11 14:24:48,19.56
2025-12-11 14:24:51,19.56
2025-12-11 14:24:53,19.56
2025-12-11 14:24:55,19.56
2025-12-11 14:24:58,19.50
2025-12-11 14:25:00,19.50
2025-12-11 14:25:02,19.50
2025-12-11 14:25:05,19.50
2025-12-11 14:25:07,19.56
2025-12-11 14:25:09,19.50
2025-12-11 14:25:11,19.50
2025-12-11 14:25:14,19.50
2025-12-11 14:25:16,19.50
2025-12-11 14:25:18,19.50
2025-12-11 14:25:21,19.56
2025-12-11 14:25:23,19.50
2025-12-11 14:25:25,19.44
2025-12-11 14:25:28,19.50
2025-12-11 14:25:30,19.50
2025-12-11 14:25:32,19.50
2025-12-11 14:25:35,19.50
2025-12-11 14:25:37,19.50
2025-12-11 14:25:39,19.50
2025-12-11 14:25:41,19.50
2025-12-11 14:25:44,19.50
2025-12-11 14:25:46,19.50
2025-12-11 14:25:48,19.50
2025-12-11 14:25:51,19.44
2025-12-11 14:25:53,19.50
2025-12-11 14:25:55,19.50
2025-12-11 14:25:58,19.50
2025-12-11 14:26:00,19.44
2025-12-11 14:26:02,19.44
2025-12-11 14:26:04,19.50
2025-12-11 14:26:07,19.44
2025-12-11 14:26:09,19.50
2025-12-11 14:26:11,19.44
2025-12-11 14:26:14,19.50
2025-12-11 14:26:16,19.44
2025-12-11 14:26:18,19.50
2025-12-11 14:26:21,19.62
2025-12-11 14:26:23,19.69
2025-12-11 14:26:25,19.75
2025-12-11 14:26:28,19.88
2025-12-11 14:26:30,20.06
2025-12-11 14:26:32,20.12
2025-12-11 14:26:34,20.19
2025-12-11 14:26:37,20.31
2025-12-11 14:26:39,20.44
2025-12-11 14:26:41,20.50
2025-12-11 14:26:44,20.50
2025-12-11 14:26:46,20.62
2025-12-11 14:26:48,20.62
2025-12-11 14:26:51,20.69
2025-12-11 14:26:53,20.75
2025-12-11 14:26:55,20.75
2025-12-11 14:26:57,20.75
2025-12-11 14:27:00,20.69
2025-12-11 14:27:02,20.69
2025-12-11 14:27:04,20.62
2025-12-11 14:27:07,20.88
2025-12-11 14:27:09,20.94
2025-12-11 14:27:11,20.94
2025-12-11 14:27:14,20.88
2025-12-11 14:27:16,20.81
2025-12-11 14:27:18,20.81
2025-12-11 14:27:21,20.94
2025-12-11 14:27:23,21.00
2025-12-11 14:27:25,21.00
2025-12-11 14:27:27,21.00
2025-12-11 14:27:30,21.06
2025-12-11 14:27:32,21.00
2025-12-11 14:27:34,21.00
2025-12-11 14:27:37,21.00
2025-12-11 14:27:39,21.00
2025-12-11 14:27:41,20.94
2025-12-11 14:27:44,21.00
2025-12-11 14:27:46,21.00
2025-12-11 14:27:48,21.00
2025-12-11 14:27:50,21.00
2025-12-11 14:27:53,20.94
2025-12-11 14:27:55,20.94
2025-12-11 14:27:57,20.94
2025-12-11 14:28:00,20.94
2025-12-11 14:28:02,20.94
2025-12-11 14:28:04,20.88
2025-12-11 14:28:07,20.88
2025-12-11 14:28:09,20.94
2025-12-11 14:28:11,20.88
2025-12-11 14:28:13,20.88
2025-12-11 14:28:16,20.88
2025-12-11 14:28:18,20.88
2025-12-11 14:28:20,20.88
2025-12-11 14:28:23,20.81
2025-12-11 14:28:25,20.88
2025-12-11 14:28:27,20.88
2025-12-11 14:28:30,20.88
2025-12-11 14:28:32,20.81
2025-12-11 14:28:34,20.81
2025-12-11 14:28:37,20.81
2025-12-11 14:28:39,20.81
2025-12-11 14:28:41,20.81
2025-12-11 14:28:43,20.75
2025-12-11 14:28:46,20.81
2025-12-11 14:28:48,20.81
2025-12-11 14:28:50,20.81
2025-12-11 14:28:53,20.81
2025-12-11 14:28:55,20.75
2025-12-11 14:28:57,20.75
2025-12-11 14:29:00,20.75
2025-12-11 14:29:02,20.81
2025-12-11 14:29:04,20.75
2025-12-11 14:29:06,20.81
2025-12-11 14:29:09,20.75
2025-12-11 14:29:11,20.81
2025-12-11 14:29:13,20.81
2025-12-11 14:29:16,20.75
2025-12-11 14:29:18,20.75
2025-12-11 14:29:20,20.75
2025-12-11 14:29:23,20.81
2025-12-11 14:29:25,20.75
2025-12-11 14:29:27,20.81
2025-12-11 14:29:30,20.81
2025-12-11 14:29:32,20.75
2025-12-11 14:29:34,20.81
2025-12-11 14:29:36,20.81
2025-12-11 14:29:39,20.81
2025-12-11 14:29:41,20.81
2025-12-11 14:29:43,20.81
2025-12-11 14:29:46,20.81
2025-12-11 14:29:48,20.81
2025-12-11 14:29:50,20.81
2025-12-11 14:29:53,20.81
2025-12-11 14:29:55,20.81
2025-12-11 14:29:57,20.81
2025-12-11 14:29:59,20.81
2025-12-11 14:30:02,20.81
2025-12-11 14:30:04,20.81
2025-12-11 14:30:06,20.81
2025-12-11 14:30:09,20.88
2025-12-11 14:30:11,20.81
2025-12-11 14:30:13,20.81
2025-12-11 14:30:16,20.81
2025-12-11 14:30:18,20.88
2025-12-11 14:30:20,20.88
2025-12-11 14:30:23,20.81
2025-12-11 14:30:25,20.88
2025-12-11 14:30:27,20.88
2025-12-11 14:30:29,20.81
2025-12-11 14:30:32,20.88
                                                                                                                                  2025-12-11 14:57:52,20.25
2025-12-11 14:57:55,20.19
2025-12-11 14:57:57,20.25
2025-12-11 14:57:59,20.25
2025-12-11 14:58:01,20.25
2025-12-11 14:58:04,20.31
2025-12-11 14:58:06,20.31
2025-12-11 14:58:08,20.38
2025-12-11 14:58:11,20.38
2025-12-11 14:58:13,20.44
2025-12-11 14:58:15,20.44
2025-12-11 14:58:18,20.44
2025-12-11 14:58:20,20.50
2025-12-11 14:58:22,20.50
2025-12-11 14:58:25,20.50
2025-12-11 14:58:27,20.44
2025-12-11 14:58:29,20.44
2025-12-11 14:58:31,20.44
2025-12-11 14:58:34,20.44
2025-12-11 14:58:36,20.44
2025-12-11 14:58:38,20.44
2025-12-11 14:58:41,20.44
2025-12-11 14:58:43,20.44
2025-12-11 14:58:45,20.44
2025-12-11 14:58:48,20.44
2025-12-11 14:58:50,20.44
2025-12-11 14:58:52,20.44
2025-12-11 14:58:54,20.50
2025-12-11 14:58:57,20.44
2025-12-11 14:58:59,20.44
2025-12-11 14:59:01,20.50
2025-12-11 14:59:04,20.50
2025-12-11 14:59:06,20.50
2025-12-11 14:59:08,20.50
2025-12-11 14:59:11,20.50
2025-12-11 14:59:13,20.50
2025-12-11 14:59:15,20.50
2025-12-11 14:59:18,20.50
2025-12-11 14:59:20,20.50
2025-12-11 14:59:22,20.50
2025-12-11 14:59:24,20.50
2025-12-11 14:59:27,20.50
2025-12-11 14:59:29,20.56
2025-12-11 14:59:31,20.50
2025-12-11 14:59:34,20.50
2025-12-11 14:59:36,20.50
2025-12-11 14:59:38,20.50
2025-12-11 14:59:41,20.50
2025-12-11 14:59:43,20.44
2025-12-11 14:59:45,20.50
2025-12-11 14:59:47,20.50
2025-12-11 14:59:50,20.50
2025-12-11 14:59:52,20.50
2025-12-11 14:59:54,20.50
2025-12-11 14:59:57,20.50
2025-12-11 14:59:59,20.50
2025-12-11 15:00:01,20.44
2025-12-11 15:00:04,20.44
2025-12-11 15:00:06,20.44
2025-12-11 15:00:08,20.38
2025-12-11 15:00:11,20.44
2025-12-11 15:00:13,20.38
2025-12-11 15:00:15,20.38
2025-12-11 15:00:17,20.38
2025-12-11 15:00:20,20.38
2025-12-11 15:00:22,20.38
2025-12-11 15:00:24,20.31
2025-12-11 15:00:27,20.31
2025-12-11 15:00:29,20.31
2025-12-11 15:00:31,20.31
2025-12-11 15:00:34,20.31
2025-12-11 15:00:36,20.31
2025-12-11 15:00:38,20.31
2025-12-11 15:00:40,20.31
2025-12-11 15:00:43,20.31
2025-12-11 15:00:45,20.31
2025-12-11 15:00:47,20.25
2025-12-11 15:00:50,20.31
2025-12-11 15:00:52,20.25
2025-12-11 15:00:54,20.25
2025-12-11 15:00:57,20.25
2025-12-11 15:00:59,20.25
2025-12-11 15:01:01,20.25
2025-12-11 15:01:04,20.25
2025-12-11 15:01:06,20.31
2025-12-11 15:01:08,20.25
2025-12-11 15:01:10,20.25
2025-12-11 15:01:13,20.25
2025-12-11 15:01:15,20.25
2025-12-11 15:01:17,20.25
2025-12-11 15:01:20,20.25
2025-12-11 15:01:22,20.19
2025-12-11 15:01:24,20.25
2025-12-11 15:01:27,20.25
2025-12-11 15:01:29,20.25
2025-12-11 15:01:31,20.25
2025-12-11 15:01:33,20.25
2025-12-11 15:01:36,20.25
2025-12-11 15:01:38,20.25
2025-12-11 15:01:40,20.25
2025-12-11 15:01:43,20.25
2025-12-11 15:01:45,20.25
2025-12-11 15:01:47,20.25
2025-12-11 15:01:50,20.25
2025-12-11 15:01:52,20.25
2025-12-11 15:01:54,20.19
2025-12-11 15:01:57,20.25
2025-12-11 15:01:59,20.25
2025-12-11 15:02:01,20.19
2025-12-11 15:02:03,20.25
2025-12-11 15:02:06,20.25
2025-12-11 15:02:08,20.19
2025-12-11 15:02:10,20.25
2025-12-11 15:02:13,20.25
2025-12-11 15:02:15,20.25
2025-12-11 15:02:17,20.25
2025-12-11 15:02:20,20.19
2025-12-11 15:02:22,20.19
2025-12-11 15:02:24,20.25
2025-12-11 15:02:26,20.25
2025-12-11 15:02:29,20.19
2025-12-11 15:02:31,20.25
2025-12-11 15:02:33,20.19
2025-12-11 15:02:36,20.25
2025-12-11 15:02:38,20.25
2025-12-11 15:02:40,20.25
2025-12-11 15:02:43,20.25
2025-12-11 15:02:45,20.25
2025-12-11 15:02:47,20.25
2025-12-11 15:02:49,20.19
2025-12-11 15:02:52,20.25
2025-12-11 15:02:54,20.25
2025-12-11 15:02:56,20.25
2025-12-11 15:02:59,20.25
2025-12-11 15:03:01,20.19
2025-12-11 15:03:03,20.25
2025-12-11 15:03:06,20.25
2025-12-11 15:03:08,20.25
2025-12-11 15:03:10,20.25
2025-12-11 15:03:13,20.25
2025-12-11 15:03:15,20.25
2025-12-11 15:03:17,20.25
2025-12-11 15:03:19,20.25
2025-12-11 15:03:22,20.25
2025-12-11 15:03:24,20.25
2025-12-11 15:03:26,20.25
2025-12-11 15:03:29,20.25
2025-12-11 15:03:31,20.25
2025-12-11 15:03:33,20.31
2025-12-11 15:03:36,20.25
2025-12-11 15:03:38,20.25
2025-12-11 15:03:40,20.25
2025-12-11 15:03:42,20.25
2025-12-11 15:03:45,20.25
2025-12-11 15:03:47,20.25
2025-12-11 15:03:49,20.25
2025-12-11 15:03:52,20.25
2025-12-11 15:03:54,20.25
2025-12-11 15:03:56,20.25
2025-12-11 15:03:59,20.25
2025-12-11 15:04:01,20.25
2025-12-11 15:04:03,20.25
2025-12-11 15:04:06,20.25
2025-12-11 15:04:08,20.31
2025-12-11 15:04:10,20.25
2025-12-11 15:04:12,20.31
2025-12-11 15:04:15,20.31
2025-12-11 15:04:17,20.25
2025-12-11 15:04:19,20.25
2025-12-11 15:04:22,20.25
2025-12-11 15:04:24,20.25
2025-12-11 15:04:26,20.25
2025-12-11 15:04:29,20.25
2025-12-11 15:04:31,20.25
2025-12-11 15:04:33,20.31
2025-12-11 15:04:35,20.25
2025-12-11 15:04:38,20.31
2025-12-11 15:04:40,20.25
2025-12-11 15:04:42,20.25
2025-12-11 15:04:45,20.25
2025-12-11 15:04:47,20.25
2025-12-11 15:04:49,20.31
2025-12-11 15:04:52,20.25
2025-12-11 15:04:54,20.31
2025-12-11 15:04:56,20.25
2025-12-11 15:04:59,20.25
2025-12-11 15:05:01,20.25
2025-12-11 15:05:03,20.25
2025-12-11 15:05:05,20.25
2025-12-11 15:05:08,20.25
2025-12-11 15:05:10,20.25
2025-12-11 15:05:12,20.31
2025-12-11 15:05:15,20.31
2025-12-11 15:05:17,20.25
2025-12-11 15:05:19,20.31
2025-12-11 15:05:22,20.31
2025-12-11 15:05:24,20.25
2025-12-11 15:05:26,20.31
2025-12-11 15:05:28,20.25
2025-12-11 15:05:31,20.31
2025-12-11 15:05:33,20.31
2025-12-11 15:05:35,20.25
2025-12-11 15:05:38,20.25
2025-12-11 15:05:40,20.31
2025-12-11 15:05:42,20.31
2025-12-11 15:05:45,20.31
2025-12-11 15:05:47,20.31
2025-12-11 15:05:49,20.31
2025-12-11 15:05:52,20.31
2025-12-11 15:05:54,20.25
2025-12-11 15:05:56,20.31
2025-12-11 15:05:58,20.25
2025-12-11 15:06:01,20.25
2025-12-11 15:06:03,20.25
2025-12-11 15:06:05,20.31
2025-12-11 15:06:08,20.31
2025-12-11 15:06:10,20.31
2025-12-11 15:06:12,20.31
2025-12-11 15:06:15,20.31
2025-12-11 15:06:17,20.31
2025-12-11 15:06:19,20.31
2025-12-11 15:06:21,20.31
2025-12-11 15:06:24,20.31
2025-12-11 15:06:26,20.31
2025-12-11 15:06:28,20.31
2025-12-11 15:06:31,20.31
2025-12-11 15:06:33,20.31
2025-12-11 15:06:35,20.31
2025-12-11 15:06:38,20.31
2025-12-11 15:06:40,20.31
2025-12-11 15:06:42,20.31
2025-12-11 15:06:45,20.31
2025-12-11 15:06:47,20.31
2025-12-11 15:06:49,20.25
2025-12-11 15:06:51,20.31
2025-12-11 15:06:54,20.31
2025-12-11 15:06:56,20.31
2025-12-11 15:06:58,20.31
2025-12-11 15:07:01,20.31
2025-12-11 15:07:03,20.31
2025-12-11 15:07:05,20.31
2025-12-11 15:07:08,20.31
2025-12-11 15:07:10,20.31
2025-12-11 15:07:12,20.31
2025-12-11 15:07:14,20.31
2025-12-11 15:07:17,20.31
2025-12-11 15:07:19,20.31
2025-12-11 15:07:21,20.31
2025-12-11 15:07:24,20.31
2025-12-11 15:07:26,20.31
2025-12-11 15:07:28,20.31
2025-12-11 15:07:31,20.31
2025-12-11 15:07:33,20.31
2025-12-11 15:07:35,20.31
2025-12-11 15:07:37,20.31
2025-12-11 15:07:40,20.31
2025-12-11 15:07:42,20.31
2025-12-11 15:07:44,20.31
2025-12-11 15:07:47,20.31
2025-12-11 15:07:49,20.31
2025-12-11 15:07:51,20.31
2025-12-11 15:07:54,20.38
2025-12-11 15:07:56,20.31
2025-12-11 15:07:58,20.31
2025-12-11 15:08:01,20.31
2025-12-11 15:08:03,20.31
2025-12-11 15:08:05,20.31
2025-12-11 15:08:07,20.31
2025-12-11 15:08:10,20.31
2025-12-11 15:08:12,20.31
2025-12-11 15:08:14,20.31
2025-12-11 15:08:17,20.38
2025-12-11 15:08:19,20.31
2025-12-11 15:08:21,20.31
2025-12-11 15:08:24,20.31
2025-12-11 15:08:26,20.31
2025-12-11 15:08:28,20.31
2025-12-11 15:08:30,20.31
2025-12-11 15:08:33,20.31
2025-12-11 15:08:35,20.31
2025-12-11 15:08:37,20.31
2025-12-11 15:08:40,20.38
2025-12-11 15:08:42,20.31
2025-12-11 15:08:44,20.31
2025-12-11 15:08:47,20.38
2025-12-11 15:08:49,20.31
2025-12-11 15:08:51,20.31
2025-12-11 15:08:54,20.38
2025-12-11 15:08:56,20.31
2025-12-11 15:08:58,20.31
2025-12-11 15:09:00,20.31
2025-12-11 15:09:03,20.31
2025-12-11 15:09:05,20.31
2025-12-11 15:09:07,20.31
2025-12-11 15:09:10,20.31
2025-12-11 15:09:12,20.38
2025-12-11 15:09:14,20.31
2025-12-11 15:09:17,20.31
2025-12-11 15:09:19,20.38
2025-12-11 15:09:21,20.31
2025-12-11 15:09:23,20.31
2025-12-11 15:09:26,20.38
2025-12-11 15:09:28,20.31
2025-12-11 15:09:30,20.31
2025-12-11 15:09:33,20.31
2025-12-11 15:09:35,20.31
2025-12-11 15:09:37,20.38
2025-12-11 15:09:40,20.38
2025-12-11 15:09:42,20.38
2025-12-11 15:09:44,20.38
2025-12-11 15:09:47,20.31
2025-12-11 15:09:49,20.31
2025-12-11 15:09:51,20.38
2025-12-11 15:09:53,20.31
2025-12-11 15:09:56,20.31
2025-12-11 15:09:58,20.31
2025-12-11 15:10:00,20.38
2025-12-11 15:10:03,20.31
2025-12-11 15:10:05,20.31
2025-12-11 15:10:07,20.31
2025-12-11 15:10:10,20.31
2025-12-11 15:10:12,20.38
2025-12-11 15:10:14,20.38
2025-12-11 15:10:16,20.31
2025-12-11 15:10:19,20.31
2025-12-11 15:10:21,20.31
2025-12-11 15:10:23,20.31
2025-12-11 15:10:26,20.31
2025-12-11 15:10:28,20.31
2025-12-11 15:10:30,20.31
2025-12-11 15:10:33,20.31
2025-12-11 15:10:35,20.31
2025-12-11 15:10:37,20.31
2025-12-11 15:10:40,20.31
2025-12-11 15:10:42,20.31
2025-12-11 15:10:44,20.31
2025-12-11 15:10:46,20.31
2025-12-11 15:10:49,20.31
2025-12-11 15:10:51,20.31
2025-12-11 15:10:53,20.31
2025-12-11 15:10:56,20.31
2025-12-11 15:10:58,20.38
2025-12-11 15:11:00,20.38
2025-12-11 15:11:03,20.38
2025-12-11 15:11:05,20.31
2025-12-11 15:11:07,20.31
2025-12-11 15:11:09,20.31
2025-12-11 15:11:12,20.38
2025-12-11 15:11:14,20.31
2025-12-11 15:11:16,20.38
2025-12-11 15:11:19,20.31
2025-12-11 15:11:21,20.31
2025-12-11 15:11:23,20.38
2025-12-11 15:11:26,20.38
2025-12-11 15:11:28,20.38
2025-12-11 15:11:30,20.38
2025-12-11 15:11:33,20.31
2025-12-11 15:11:35,20.31
2025-12-11 15:11:37,20.38
2025-12-11 15:11:39,20.38
2025-12-11 15:11:42,20.38
2025-12-11 15:11:44,20.31
2025-12-11 15:11:46,20.31
2025-12-11 15:11:49,20.38
2025-12-11 15:11:51,20.38
2025-12-11 15:11:53,20.31
2025-12-11 15:11:56,20.38
2025-12-11 15:11:58,20.38
2025-12-11 15:12:00,20.38
2025-12-11 15:12:02,20.38
2025-12-11 15:12:05,20.31
2025-12-11 15:12:07,20.31
2025-12-11 15:12:09,20.31
2025-12-11 15:12:12,20.38
2025-12-11 15:12:14,20.38
2025-12-11 15:12:16,20.31
2025-12-11 15:12:19,20.38
2025-12-11 15:12:21,20.38
2025-12-11 15:12:23,20.38
2025-12-11 15:12:25,20.38
2025-12-11 15:12:28,20.38
2025-12-11 15:12:30,20.38
2025-12-11 15:12:32,20.38
2025-12-11 15:12:35,20.38
2025-12-11 15:12:37,20.38
2025-12-11 15:12:39,20.38
2025-12-11 15:12:42,20.38
2025-12-11 15:12:44,20.38
2025-12-11 15:12:46,20.38
2025-12-11 15:12:49,20.31
2025-12-11 15:12:51,20.38
2025-12-11 15:12:53,20.38
2025-12-11 15:12:55,20.38
2025-12-11 15:12:58,20.38
2025-12-11 15:13:00,20.38
2025-12-11 15:13:02,20.38
2025-12-11 15:13:05,20.38
2025-12-11 15:13:07,20.38
2025-12-11 15:13:09,20.38
2025-12-11 15:13:12,20.38
2025-12-11 15:13:14,20.38
2025-12-11 15:13:16,20.38
2025-12-11 15:13:18,20.38
2025-12-11 15:13:21,20.38
2025-12-11 15:13:23,20.31
2025-12-11 15:13:25,20.38
2025-12-11 15:13:28,20.38
2025-12-11 15:13:30,20.38
2025-12-11 15:13:32,20.38
2025-12-11 15:13:35,20.38
2025-12-11 15:13:37,20.38
2025-12-11 15:13:39,20.38
2025-12-11 15:13:42,20.38
2025-12-11 15:13:44,20.38
2025-12-11 15:13:46,20.38
2025-12-11 15:13:48,20.38
2025-12-11 15:13:51,20.38
2025-12-11 15:13:53,20.38
2025-12-11 15:13:55,20.38
2025-12-11 15:13:58,20.38
2025-12-11 15:14:00,20.38
2025-12-11 15:14:02,20.38
2025-12-11 15:14:05,20.38
2025-12-11 15:14:07,20.38
2025-12-11 15:14:09,20.38
2025-12-11 15:14:11,20.38
2025-12-11 15:14:14,20.38
2025-12-11 15:14:16,20.44
2025-12-11 15:14:18,20.38
2025-12-11 15:14:21,20.38
2025-12-11 15:14:23,20.38
2025-12-11 15:14:25,20.38
2025-12-11 15:14:28,20.38
2025-12-11 15:14:30,20.38
2025-12-11 15:14:32,20.38
2025-12-11 15:14:35,20.31
2025-12-11 15:14:37,20.38
2025-12-11 15:14:39,20.38
2025-12-11 15:14:41,20.38
2025-12-11 15:14:44,20.38
2025-12-11 15:14:46,20.38
2025-12-11 15:14:48,20.38
2025-12-11 15:14:51,20.38
2025-12-11 15:14:53,20.38
2025-12-11 15:14:55,20.38
2025-12-11 15:14:58,20.38
2025-12-11 15:15:00,20.38
2025-12-11 15:15:02,20.38
2025-12-11 15:15:04,20.38
2025-12-11 15:15:07,20.44
2025-12-11 15:15:09,20.38
2025-12-11 15:15:11,20.38
2025-12-11 15:15:14,20.38
2025-12-11 15:15:16,20.38
2025-12-11 15:15:18,20.38
2025-12-11 15:15:21,20.38
2025-12-11 15:15:23,20.38
2025-12-11 15:15:25,20.38
2025-12-11 15:15:28,20.44
2025-12-11 15:15:30,20.38
2025-12-11 15:15:32,20.44
2025-12-11 15:15:34,20.38
2025-12-11 15:15:37,20.38
2025-12-11 15:15:39,20.38
2025-12-11 15:15:41,20.38
2025-12-11 15:15:44,20.38
2025-12-11 15:15:46,20.38
2025-12-11 15:15:48,20.44
2025-12-11 15:15:51,20.38
2025-12-11 15:15:53,20.38
2025-12-11 15:15:55,20.38
2025-12-11 15:15:57,20.38
2025-12-11 15:16:00,20.38
2025-12-11 15:16:02,20.38
2025-12-11 15:16:04,20.44
2025-12-11 15:16:07,20.38
2025-12-11 15:16:09,20.38
2025-12-11 15:16:11,20.38
2025-12-11 15:16:14,20.38
2025-12-11 15:16:16,20.44
2025-12-11 15:16:18,20.44
2025-12-11 15:16:21,20.38
2025-12-11 15:16:23,20.44
2025-12-11 15:16:25,20.38
2025-12-11 15:16:27,20.38
2025-12-11 15:16:30,20.44
2025-12-11 15:16:32,20.38
2025-12-11 15:16:34,20.38
2025-12-11 15:16:37,20.38
2025-12-11 15:16:39,20.44
2025-12-11 15:16:41,20.38
2025-12-11 15:16:44,20.38
2025-12-11 15:16:46,20.38
2025-12-11 15:16:48,20.38
2025-12-11 15:16:50,20.38
2025-12-11 15:16:53,20.38
2025-12-11 15:16:55,20.38
2025-12-11 15:16:57,20.38
2025-12-11 15:17:00,20.38
2025-12-11 15:17:02,20.38
2025-12-11 15:17:04,20.38
2025-12-11 15:17:07,20.44
2025-12-11 15:17:09,20.38
2025-12-11 15:17:11,20.38
2025-12-11 15:17:13,20.44
2025-12-11 15:17:16,20.44
2025-12-11 15:17:18,20.38
2025-12-11 15:17:20,20.38
2025-12-11 15:17:23,20.38
2025-12-11 15:17:25,20.44
2025-12-11 15:17:27,20.44
2025-12-11 15:17:30,20.44
2025-12-11 15:17:32,20.38
2025-12-11 15:17:34,20.44
2025-12-11 15:17:37,20.44
2025-12-11 15:17:39,20.38
2025-12-11 15:17:41,20.38
2025-12-11 15:17:43,20.38
2025-12-11 15:17:46,20.38
2025-12-11 15:17:48,20.44
2025-12-11 15:17:50,20.38
2025-12-11 15:17:53,20.44
2025-12-11 15:17:55,20.38
2025-12-11 15:17:57,20.38
2025-12-11 15:18:00,20.38
2025-12-11 15:18:02,20.38
2025-12-11 15:18:04,20.44
2025-12-11 15:18:06,20.44
2025-12-11 15:18:09,20.38
2025-12-11 15:18:11,20.44
2025-12-11 15:18:13,20.38
2025-12-11 15:18:16,20.44
2025-12-11 15:18:18,20.38
2025-12-11 15:18:20,20.38
2025-12-11 15:18:23,20.44
2025-12-11 15:18:25,20.44
2025-12-11 15:18:27,20.38
2025-12-11 15:18:30,20.44
2025-12-11 15:19:33,20.44
2025-12-11 15:19:35,20.44
2025-12-11 15:19:38,20.44
2025-12-11 15:19:40,20.44
2025-12-11 15:19:42,20.44
2025-12-11 15:19:45,20.44
2025-12-11 15:19:47,20.44
2025-12-11 15:19:49,20.44
2025-12-11 15:19:51,20.44
2025-12-11 15:19:54,20.44
2025-12-11 15:19:56,20.44
2025-12-11 15:19:58,20.44
2025-12-11 15:20:01,20.44
2025-12-11 15:20:03,20.38
2025-12-11 15:20:05,20.44
2025-12-11 15:20:08,20.38
2025-12-11 15:20:10,20.44
2025-12-11 15:20:12,20.44
2025-12-11 15:20:14,20.44
2025-12-11 15:20:17,20.44
2025-12-11 15:20:19,20.44
2025-12-11 15:20:21,20.44
2025-12-11 15:20:24,20.44
2025-12-11 15:20:26,20.44
2025-12-11 15:20:28,20.44
2025-12-11 15:20:31,20.44
2025-12-11 15:20:33,20.44
2025-12-11 15:20:35,20.44
2025-12-11 15:21:11,20.38
2025-12-11 15:21:13,20.44
2025-12-11 15:21:15,20.44
2025-12-11 15:21:18,20.44
2025-12-11 15:21:20,20.44
2025-12-11 15:21:22,20.44
2025-12-11 15:21:25,20.44
2025-12-11 15:21:27,20.44
2025-12-11 15:21:29,20.44
2025-12-11 15:21:32,20.44
2025-12-11 15:21:34,20.44
2025-12-11 15:21:36,20.44
2025-12-11 15:21:38,20.44
2025-12-11 15:21:41,20.44
2025-12-11 15:21:43,20.44
2025-12-11 15:21:45,20.44
2025-12-11 15:21:48,20.44
2025-12-11 15:21:50,20.44
2025-12-11 15:21:52,20.44
2025-12-11 15:21:55,20.44
2025-12-11 15:21:57,20.44
2025-12-11 15:21:59,20.44
2025-12-11 15:22:01,20.44
2025-12-11 15:22:04,20.44
2025-12-11 15:22:06,20.44
2025-12-11 15:22:08,20.44
2025-12-11 15:22:11,20.44
2025-12-11 15:22:13,20.44
2025-12-11 15:22:15,20.44
2025-12-11 15:22:18,20.44
2025-12-11 15:22:20,20.44
2025-12-11 15:22:22,20.44
2025-12-11 15:22:25,20.44
2025-12-11 15:22:27,20.44
2025-12-11 15:22:29,20.44
2025-12-11 15:22:31,20.44
2025-12-11 15:22:34,20.44
2025-12-11 15:22:36,20.44
2025-12-11 15:22:38,20.44
2025-12-11 15:22:41,20.44
2025-12-11 15:22:43,20.44
2025-12-11 15:22:45,20.44
2025-12-11 15:22:48,20.44
2025-12-11 15:22:50,20.38
2025-12-11 15:22:52,20.44
2025-12-11 15:22:54,20.44
2025-12-11 15:22:57,20.50
2025-12-11 15:22:59,20.44
2025-12-11 15:23:01,20.44
2025-12-11 15:23:04,20.44
2025-12-11 15:23:06,20.44
2025-12-11 15:23:08,20.44
2025-12-11 15:23:11,20.44
2025-12-11 15:23:13,20.38
2025-12-11 15:23:15,20.44
2025-12-11 15:23:17,20.44
2025-12-11 15:23:20,20.44
2025-12-11 15:23:22,20.44
2025-12-11 15:23:24,20.44
2025-12-11 15:23:27,20.44
2025-12-11 15:23:29,20.44
2025-12-11 15:23:31,20.44
2025-12-11 15:23:34,20.44
2025-12-11 15:23:36,20.44
2025-12-11 15:23:38,20.50
2025-12-11 15:23:41,20.44
2025-12-11 15:23:43,20.44
2025-12-11 15:23:45,20.44
2025-12-11 15:23:47,20.44
2025-12-11 15:23:50,20.44
2025-12-11 15:23:52,20.44
2025-12-11 15:23:54,20.44
2025-12-11 15:23:57,20.44
2025-12-11 15:23:59,20.44
2025-12-11 15:24:01,20.44
2025-12-11 15:24:04,20.50
2025-12-11 15:24:06,20.44
2025-12-11 15:24:08,20.44
2025-12-11 15:24:10,20.44
2025-12-11 15:24:13,20.44
2025-12-11 15:24:15,20.50
2025-12-11 15:24:17,20.44
2025-12-11 15:24:20,20.44
2025-12-11 15:24:22,20.44
2025-12-11 15:24:24,20.44
2025-12-11 15:24:27,20.44
2025-12-11 15:24:29,20.44
2025-12-11 15:24:31,20.44
2025-12-11 15:24:34,20.44
2025-12-11 15:24:36,20.44
2025-12-11 15:24:38,20.44
2025-12-11 15:24:40,20.44
2025-12-11 15:24:43,20.44
2025-12-11 15:24:45,20.50
2025-12-11 15:24:47,20.44
2025-12-11 15:24:50,20.50
2025-12-11 15:24:52,20.50
2025-12-11 15:24:54,20.44
2025-12-11 15:24:57,20.44
2025-12-11 15:24:59,20.44
2025-12-11 15:25:01,20.44
2025-12-11 15:25:03,20.44
2025-12-11 15:25:06,20.44
2025-12-11 15:25:08,20.38
2025-12-11 15:25:10,20.44
2025-12-11 15:25:13,20.44
2025-12-11 15:25:15,20.44
2025-12-11 15:25:17,20.44
2025-12-11 15:25:20,20.44
2025-12-11 15:25:22,20.44
2025-12-11 15:25:24,20.44
2025-12-11 15:25:27,20.44
2025-12-11 15:25:29,20.44
2025-12-11 15:25:31,20.44
2025-12-11 15:25:33,20.44
2025-12-11 15:25:36,20.44
2025-12-11 15:25:38,20.44
2025-12-11 15:25:40,20.44
2025-12-11 15:25:43,20.44
2025-12-11 15:25:45,20.44
2025-12-11 15:25:47,20.44
2025-12-11 15:25:50,20.44
2025-12-11 15:25:52,20.44
2025-12-11 15:25:54,20.44
2025-12-11 15:25:56,20.50
2025-12-11 15:25:59,20.44
2025-12-11 15:26:01,20.50
2025-12-11 15:26:03,20.44
2025-12-11 15:26:06,20.44
2025-12-11 15:26:08,20.44
2025-12-11 15:26:10,20.44
2025-12-11 15:26:13,20.50
2025-12-11 15:26:15,20.44
2025-12-11 15:26:17,20.50
2025-12-11 15:26:20,20.44
2025-12-11 15:26:22,20.44
2025-12-11 15:26:24,20.50
2025-12-11 15:26:26,20.44
2025-12-11 15:26:29,20.50
2025-12-11 15:26:31,20.44
2025-12-11 15:26:33,20.44
2025-12-11 15:26:36,20.44
2025-12-11 15:26:38,20.44
2025-12-11 15:26:40,20.44
2025-12-11 15:26:43,20.44
2025-12-11 15:26:45,20.50
2025-12-11 15:26:47,20.44
2025-12-11 15:26:49,20.44
2025-12-11 15:26:52,20.44
2025-12-11 15:26:54,20.44
2025-12-11 15:26:56,20.44
2025-12-11 15:26:59,20.44
2025-12-11 15:27:01,20.44
2025-12-11 15:27:03,20.44
2025-12-11 15:27:06,20.44
2025-12-11 15:27:08,20.44
2025-12-11 15:27:10,20.50
2025-12-11 15:27:13,20.44
2025-12-11 15:27:15,20.44
2025-12-11 15:27:17,20.44
2025-12-11 15:27:19,20.44
2025-12-11 15:27:22,20.50
2025-12-11 15:27:24,20.50
2025-12-11 15:27:26,20.50
2025-12-11 15:27:29,20.50
2025-12-11 15:27:31,20.50
2025-12-11 15:27:33,20.44
2025-12-11 15:27:36,20.44
2025-12-11 15:27:38,20.50
2025-12-11 15:27:40,20.50
2025-12-11 15:27:42,20.56
2025-12-11 15:27:45,20.50
2025-12-11 15:27:47,20.50
2025-12-11 15:27:49,20.50
2025-12-11 15:27:52,20.50
2025-12-11 15:27:54,20.50
2025-12-11 15:27:56,20.56
2025-12-11 15:27:59,20.50
2025-12-11 15:28:01,20.50
2025-12-11 15:28:03,20.50
2025-12-11 15:28:05,20.50
2025-12-11 15:28:08,20.50
2025-12-11 15:28:10,20.56
2025-12-11 15:28:12,20.50
2025-12-11 15:28:15,20.50
2025-12-11 15:28:17,20.50
2025-12-11 15:28:19,20.56
2025-12-11 15:28:22,20.56
2025-12-11 15:28:24,20.50
2025-12-11 15:28:26,20.50
2025-12-11 15:28:29,20.50
2025-12-11 15:28:31,20.56
2025-12-11 15:28:33,20.50
2025-12-11 15:28:35,20.50
2025-12-11 15:28:38,20.50
2025-12-11 15:28:40,20.50
2025-12-11 15:28:42,20.50
2025-12-11 15:28:45,20.56
2025-12-11 15:28:47,20.56
2025-12-11 15:28:49,20.50
2025-12-11 15:28:52,20.56
2025-12-11 15:28:54,20.50
2025-12-11 15:28:56,20.50
2025-12-11 15:28:58,20.56
2025-12-11 15:29:01,20.56
2025-12-11 15:29:03,20.50
2025-12-11 15:29:05,20.50
2025-12-11 15:29:08,20.50
2025-12-11 15:29:10,20.56
2025-12-11 15:29:12,20.56
2025-12-11 15:29:15,20.50
2025-12-11 15:29:17,20.50
2025-12-11 15:29:19,20.56
2025-12-11 15:29:22,20.56
2025-12-11 15:29:24,20.50
2025-12-11 15:29:26,20.56
2025-12-11 15:29:28,20.56
2025-12-11 15:29:31,20.50
2025-12-11 15:29:33,20.56
2025-12-11 15:29:35,20.56
2025-12-11 15:29:38,20.56
2025-12-11 15:29:40,20.56
2025-12-11 15:29:42,20.56
2025-12-11 15:29:45,20.56
2025-12-11 15:29:47,20.56
2025-12-11 15:29:49,20.56
2025-12-11 15:29:51,20.56
2025-12-11 15:29:54,20.56
2025-12-11 15:29:56,20.56
2025-12-11 15:29:58,20.56
2025-12-11 15:30:01,20.56
2025-12-11 15:30:03,20.56
2025-12-11 15:30:05,20.56
2025-12-11 15:30:08,20.56
2025-12-11 15:30:10,20.62
2025-12-11 15:30:12,20.56
2025-12-11 15:30:15,20.56
2025-12-11 15:30:17,20.56
2025-12-11 15:30:19,20.56
2025-12-11 15:30:21,20.56
2025-12-11 15:30:24,20.56
2025-12-11 15:30:26,20.56
2025-12-11 15:30:28,20.56
2025-12-11 15:30:31,20.56
2025-12-11 15:30:33,20.62
2025-12-11 15:30:35,20.56
2025-12-11 15:30:38,20.56
2025-12-11 15:30:40,20.56
2025-12-11 15:30:42,20.56
2025-12-11 15:30:44,20.56
2025-12-11 15:30:47,20.56
2025-12-11 15:30:49,20.56
2025-12-11 15:30:51,20.62
2025-12-11 15:30:54,20.56
2025-12-11 15:30:56,20.56
2025-12-11 15:30:58,20.56
2025-12-11 15:31:01,20.56
2025-12-11 15:31:03,20.56
2025-12-11 15:31:05,20.56
2025-12-11 15:31:08,20.62
2025-12-11 15:31:10,20.62
2025-12-11 15:31:12,20.62
2025-12-11 15:31:14,20.56
2025-12-11 15:31:17,20.62
2025-12-11 15:31:19,20.62
2025-12-11 15:31:21,20.56
2025-12-11 15:31:24,20.62
2025-12-11 15:31:26,20.62
2025-12-11 15:31:28,20.56
2025-12-11 15:31:31,20.56
2025-12-11 15:31:33,20.62
2025-12-11 15:31:35,20.56
2025-12-11 15:31:37,20.62
2025-12-11 15:31:40,20.62
2025-12-11 15:31:42,20.56
2025-12-11 15:31:44,20.56
2025-12-11 15:31:47,20.56
2025-12-11 15:31:49,20.62
2025-12-11 15:31:51,20.62
2025-12-11 15:31:54,20.62
2025-12-11 15:31:56,20.62
2025-12-11 15:31:58,20.62
2025-12-11 15:32:01,20.62
2025-12-11 15:32:03,20.62
2025-12-11 15:32:05,20.56
2025-12-11 15:32:07,20.62
2025-12-11 15:32:10,20.62
2025-12-11 15:32:12,20.56
2025-12-11 15:32:14,20.62
2025-12-11 15:32:17,20.62
2025-12-11 15:32:19,20.56
2025-12-11 15:32:21,20.56
2025-12-11 15:32:24,20.56
2025-12-11 15:32:26,20.62
2025-12-11 15:32:28,20.56
2025-12-11 15:32:30,20.62
2025-12-11 15:32:33,20.62
2025-12-11 15:32:35,20.56
2025-12-11 15:32:37,20.56
2025-12-11 15:32:40,20.56
2025-12-11 15:32:42,20.56
2025-12-11 15:32:44,20.62
2025-12-11 15:32:47,20.56
2025-12-11 15:32:49,20.56
2025-12-11 15:32:51,20.62
2025-12-11 15:32:53,20.62
2025-12-11 15:32:56,20.62
2025-12-11 15:32:58,20.62
2025-12-11 15:33:00,20.56
2025-12-11 15:33:03,20.56
2025-12-11 15:33:05,20.56
2025-12-11 15:33:07,20.56
2025-12-11 15:33:10,20.56
2025-12-11 15:33:12,20.56
2025-12-11 15:33:14,20.56
2025-12-11 15:33:17,20.56
2025-12-11 15:33:19,20.62
2025-12-11 15:33:21,20.56
2025-12-11 15:33:23,20.62
2025-12-11 15:33:26,20.56
2025-12-11 15:33:28,20.56
2025-12-11 15:33:30,20.62
2025-12-11 15:33:33,20.62
2025-12-11 15:33:35,20.56
2025-12-11 15:33:37,20.62
2025-12-11 15:33:40,20.62
2025-12-11 15:33:42,20.62
2025-12-11 15:33:44,20.62
2025-12-11 15:33:46,20.56
2025-12-11 15:33:49,20.56
2025-12-11 15:33:51,20.56
2025-12-11 15:33:53,20.56
2025-12-11 15:33:56,20.62
2025-12-11 15:33:58,20.56
2025-12-11 15:34:00,20.56
2025-12-11 15:34:03,20.62
2025-12-11 15:34:05,20.62
2025-12-11 15:34:07,20.56
2025-12-11 15:34:10,20.56
2025-12-11 15:34:12,20.56
2025-12-11 15:34:14,20.56
2025-12-11 15:34:16,20.62
2025-12-11 15:34:19,20.56
2025-12-11 15:34:21,20.56
2025-12-11 15:34:23,20.56
2025-12-11 15:34:26,20.62
2025-12-11 15:34:28,20.56
2025-12-11 15:34:30,20.62
2025-12-11 15:34:33,20.56
2025-12-11 15:34:35,20.62
2025-12-11 15:34:37,20.62
2025-12-11 15:34:39,20.56
2025-12-11 15:34:42,20.56
2025-12-11 15:34:44,20.56
2025-12-11 15:34:46,20.56
2025-12-11 15:34:49,20.62
2025-12-11 15:34:51,20.62
2025-12-11 15:34:53,20.56
2025-12-11 15:34:56,20.56
2025-12-11 15:34:58,20.56
2025-12-11 15:35:00,20.56
2025-12-11 15:35:03,20.56
2025-12-11 15:35:05,20.56
2025-12-11 15:35:07,20.56
2025-12-11 15:35:09,20.56
2025-12-11 15:35:12,20.56
2025-12-11 15:35:14,20.62
2025-12-11 15:35:16,20.56
2025-12-11 15:35:19,20.56
2025-12-11 15:35:21,20.56
2025-12-11 15:35:23,20.62
2025-12-11 15:35:26,20.56
2025-12-11 15:35:28,20.56
2025-12-11 15:35:30,20.56
2025-12-11 15:35:32,20.62
2025-12-11 15:35:35,20.62
2025-12-11 15:35:37,20.56
2025-12-11 15:35:39,20.56
2025-12-11 15:35:42,20.56
2025-12-11 15:35:44,20.56
2025-12-11 15:35:46,20.56
2025-12-11 15:35:49,20.62
2025-12-11 15:35:51,20.56
2025-12-11 15:35:53,20.62
2025-12-11 15:35:56,20.62
2025-12-11 15:35:58,20.62
2025-12-11 15:36:00,20.62
2025-12-11 15:36:02,20.56
2025-12-11 15:36:05,20.62
2025-12-11 15:36:07,20.56
2025-12-11 15:36:09,20.62
2025-12-11 15:36:12,20.62
2025-12-11 15:36:14,20.62
2025-12-11 15:36:16,20.62
2025-12-11 15:36:19,20.62
2025-12-11 15:36:21,20.56
2025-12-11 15:36:23,20.56
2025-12-11 15:36:25,20.62
2025-12-11 15:36:28,20.56
2025-12-11 15:36:30,20.62
2025-12-11 15:36:32,20.56
2025-12-11 15:36:35,20.56
2025-12-11 15:36:37,20.56
2025-12-11 15:36:39,20.56
2025-12-11 15:36:42,20.56
2025-12-11 15:36:44,20.62
2025-12-11 15:36:46,20.62
2025-12-11 15:36:49,20.56
2025-12-11 15:36:51,20.62
2025-12-11 15:36:53,20.56
2025-12-11 15:36:55,20.62
2025-12-11 15:36:58,20.62
2025-12-11 15:37:00,20.62
2025-12-11 15:37:02,20.62
2025-12-11 15:37:05,20.62
2025-12-11 15:37:07,20.62
2025-12-11 15:37:09,20.56
2025-12-11 15:37:12,20.62
2025-12-11 15:37:14,20.56
2025-12-11 15:37:16,20.62
2025-12-11 15:37:18,20.62
2025-12-11 15:37:21,20.56
2025-12-11 15:37:23,20.62
2025-12-11 15:37:25,20.62
2025-12-11 15:37:28,20.62
2025-12-11 15:37:30,20.62
2025-12-11 15:37:32,20.62
2025-12-11 15:37:35,20.62
2025-12-11 15:37:37,20.56
2025-12-11 15:37:39,20.62
2025-12-11 15:37:41,20.62
2025-12-11 15:37:44,20.62
2025-12-11 15:37:46,20.62
2025-12-11 15:37:48,20.62
2025-12-11 15:37:51,20.62
2025-12-11 15:37:53,20.62
2025-12-11 15:37:55,20.62
2025-12-11 15:37:58,20.62
2025-12-11 15:38:00,20.56
2025-12-11 15:38:02,20.56
2025-12-11 15:38:05,20.62
2025-12-11 15:38:07,20.62
2025-12-11 15:38:09,20.62
2025-12-11 15:38:11,20.62
2025-12-11 15:38:14,20.69
2025-12-11 15:38:16,20.62
2025-12-11 15:38:19,20.62
2025-12-11 15:38:22,20.62
2025-12-11 15:38:25,20.62
2025-12-11 15:38:27,20.62
2025-12-11 15:38:30,20.62
2025-12-11 15:38:33,20.62
2025-12-11 15:38:36,20.62
2025-12-11 15:38:39,20.62
2025-12-11 15:38:41,20.62
2025-12-11 15:38:44,20.62
2025-12-11 15:38:47,20.62
2025-12-11 15:38:50,20.62
2025-12-11 15:38:53,20.62
2025-12-11 15:38:55,20.62
2025-12-11 15:38:58,20.62
2025-12-11 15:39:01,20.69
2025-12-11 15:39:04,20.62
2025-12-11 15:39:07,20.62
2025-12-11 15:39:10,20.62
2025-12-11 15:39:12,20.62
2025-12-11 15:39:15,20.62
2025-12-11 15:39:18,20.62
2025-12-11 15:39:21,20.69
2025-12-11 15:39:24,20.62
2025-12-11 15:39:26,20.62
2025-12-11 15:39:29,20.69
2025-12-11 15:39:32,20.62
2025-12-11 15:39:35,20.62
2025-12-11 15:39:38,20.62
2025-12-11 15:39:41,20.62
2025-12-11 15:39:43,20.69
2025-12-11 15:39:46,20.62
2025-12-11 15:39:49,20.62
2025-12-11 15:39:52,20.69
2025-12-11 15:39:55,20.62
2025-12-11 15:39:57,20.69
2025-12-11 15:40:00,20.62
2025-12-11 15:40:03,20.62
2025-12-11 15:40:06,20.62
2025-12-11 15:40:09,20.62
2025-12-11 15:40:12,20.69
2025-12-11 15:40:14,20.69
2025-12-11 15:40:17,20.69
2025-12-11 15:40:20,20.69
2025-12-11 15:40:23,20.62
2025-12-11 15:40:26,20.62
2025-12-11 15:40:28,20.62
2025-12-11 15:40:31,20.62
2025-12-11 15:40:34,20.62
2025-12-11 15:40:37,20.62
2025-12-11 15:40:40,20.69
2025-12-11 15:40:42,20.62
2025-12-11 15:40:45,20.62
2025-12-11 15:40:48,20.62
2025-12-11 15:40:51,20.62
2025-12-11 15:40:54,20.69
2025-12-11 15:40:57,20.69
2025-12-11 15:40:59,20.62
2025-12-11 15:41:02,20.69
2025-12-11 15:41:05,20.69
2025-12-11 15:41:08,20.62
2025-12-11 15:41:11,20.69
2025-12-11 15:41:13,20.69
2025-12-11 15:41:16,20.69
2025-12-11 15:41:19,20.69
2025-12-11 15:41:22,20.69
2025-12-11 15:41:25,20.69
2025-12-11 15:41:28,20.69
2025-12-11 15:41:30,20.62
2025-12-11 15:41:33,20.69
2025-12-11 15:41:36,20.62
2025-12-11 15:41:39,20.69
2025-12-11 15:41:42,20.69
2025-12-11 15:41:44,20.69
2025-12-11 15:41:47,20.62
2025-12-11 15:41:50,20.62
2025-12-11 15:41:53,20.69
2025-12-11 15:41:56,20.69
2025-12-11 15:41:59,20.69
2025-12-11 15:42:01,20.62
2025-12-11 15:42:04,20.69
2025-12-11 15:42:07,20.62
2025-12-11 15:42:10,20.69
2025-12-11 15:42:13,20.69
2025-12-11 15:42:15,20.69
2025-12-11 15:42:18,20.62
2025-12-11 15:42:21,20.69
2025-12-11 15:42:24,20.69
2025-12-11 15:42:27,20.69
2025-12-11 15:42:29,20.69
2025-12-11 15:42:32,20.69
2025-12-11 15:42:35,20.69
2025-12-11 15:42:38,20.69
2025-12-11 15:42:41,20.62
2025-12-11 15:42:44,20.69
2025-12-11 15:42:46,20.69
2025-12-11 15:42:49,20.69
2025-12-11 15:42:52,20.69
2025-12-11 15:42:55,20.69
2025-12-11 15:42:58,20.69
2025-12-11 15:43:00,20.69
2025-12-11 15:43:03,20.69
2025-12-11 15:43:06,20.69
2025-12-11 15:43:09,20.69
2025-12-11 15:43:12,20.69
2025-12-11 15:43:15,20.69
2025-12-11 15:43:17,20.69
2025-12-11 15:43:20,20.69
2025-12-11 15:43:23,20.69
2025-12-11 15:43:26,20.69
2025-12-11 15:43:29,20.69
2025-12-11 15:43:31,20.69
2025-12-11 15:43:34,20.69
2025-12-11 15:43:37,20.69
2025-12-11 15:43:40,20.69
2025-12-11 15:43:43,20.69
2025-12-11 15:43:46,20.62
2025-12-11 15:43:48,20.62
2025-12-11 15:43:51,20.62
2025-12-11 15:43:54,20.69
2025-12-11 15:43:57,20.69
2025-12-11 15:44:00,20.69
2025-12-11 15:44:02,20.75
2025-12-11 15:44:05,20.69
2025-12-11 15:44:08,20.75
2025-12-11 15:44:11,20.75
2025-12-11 15:44:14,20.69
2025-12-11 15:44:17,20.69
2025-12-11 15:44:19,20.69
2025-12-11 15:44:22,20.75
2025-12-11 15:44:25,20.69
2025-12-11 15:44:28,20.69
2025-12-11 15:44:31,20.69
2025-12-11 15:44:33,20.69
2025-12-11 15:44:36,20.69
2025-12-11 15:44:39,20.69
2025-12-11 15:44:42,20.69
2025-12-11 15:44:45,20.69
2025-12-11 15:44:47,20.69
2025-12-11 15:44:50,20.75
2025-12-11 15:44:53,20.69
2025-12-11 15:44:56,20.69
2025-12-11 15:44:59,20.75
2025-12-11 15:45:02,20.75
2025-12-11 15:45:04,20.69
2025-12-11 15:45:07,20.69
2025-12-11 15:45:10,20.75
2025-12-11 15:45:13,20.75
2025-12-11 15:45:16,20.69
2025-12-11 15:45:18,20.69
2025-12-11 15:45:21,20.75
2025-12-11 15:45:24,20.69
2025-12-11 15:45:27,20.75
2025-12-11 15:45:30,20.69
2025-12-11 15:45:33,20.69
2025-12-11 15:45:35,20.69
2025-12-11 15:45:38,20.75
2025-12-11 15:45:41,20.75
2025-12-11 15:45:44,20.69
2025-12-11 15:45:47,20.75
2025-12-11 15:45:49,20.69
2025-12-11 15:45:52,20.69
2025-12-11 15:45:55,20.69
2025-12-11 15:45:58,20.69
2025-12-11 15:46:01,20.69
2025-12-11 15:46:04,20.69
2025-12-11 15:46:06,20.75
2025-12-11 15:46:09,20.75
2025-12-11 15:46:12,20.75
2025-12-11 15:46:15,20.81
2025-12-11 15:46:18,21.50
2025-12-11 15:46:20,21.81
2025-12-11 15:46:23,21.75
2025-12-11 15:46:26,21.62
2025-12-11 15:46:29,21.56
2025-12-11 15:46:32,21.56
2025-12-11 15:46:34,21.50
2025-12-11 15:46:37,21.44
2025-12-11 15:46:40,21.44
2025-12-11 15:46:43,21.38
2025-12-11 15:46:46,21.31
2025-12-11 15:46:49,21.25
2025-12-11 15:46:51,21.25
2025-12-11 15:46:54,21.19
2025-12-11 15:46:57,21.19
2025-12-11 15:47:00,21.12
2025-12-11 15:47:03,21.12
2025-12-11 15:47:05,21.06
2025-12-11 15:47:08,21.06
2025-12-11 15:47:11,21.06
2025-12-11 15:47:14,21.06
2025-12-11 15:47:17,21.00
2025-12-11 15:47:20,21.00
2025-12-11 15:47:22,21.00
2025-12-11 15:47:25,21.00
2025-12-11 15:47:28,21.00
2025-12-11 15:47:31,21.00
2025-12-11 15:47:34,20.94
2025-12-11 15:47:36,20.94
2025-12-11 15:47:39,20.94
2025-12-11 15:47:42,20.94
2025-12-11 15:47:45,20.94
2025-12-11 15:47:48,20.94
2025-12-11 15:47:51,20.94
2025-12-11 15:47:53,20.88
2025-12-11 15:47:56,20.94
2025-12-11 15:47:59,20.94
2025-12-11 15:48:02,20.94
2025-12-11 15:48:05,20.94
2025-12-11 15:48:07,20.88
2025-12-11 15:48:10,20.88
2025-12-11 15:48:13,20.88
2025-12-11 15:48:16,20.88
2025-12-11 15:48:19,20.88
2025-12-11 15:48:22,20.88
2025-12-11 15:48:24,20.88
2025-12-11 15:48:27,20.88
2025-12-11 15:48:30,20.88
2025-12-11 15:48:33,20.88
2025-12-11 15:48:36,20.88
2025-12-11 15:48:38,20.88
2025-12-11 15:48:41,20.88
2025-12-11 15:48:44,20.88
2025-12-11 15:48:47,20.88
2025-12-11 15:48:50,20.88
2025-12-11 15:48:52,20.88
2025-12-11 15:48:55,20.88
2025-12-11 15:48:58,20.88
2025-12-11 15:49:01,20.94
2025-12-11 15:49:04,20.94
2025-12-11 15:49:07,21.00
2025-12-11 15:49:09,21.00
2025-12-11 15:49:12,21.00
2025-12-11 15:49:15,21.00
2025-12-11 15:49:18,21.00
2025-12-11 15:49:21,21.00
2025-12-11 15:49:23,21.00
2025-12-11 15:49:26,21.00
2025-12-11 15:49:29,21.00
2025-12-11 15:49:32,20.94
2025-12-11 15:49:35,20.94
2025-12-11 15:49:38,20.94
2025-12-11 15:49:40,20.94
2025-12-11 15:49:43,20.94
2025-12-11 15:49:46,20.94
2025-12-11 15:49:49,20.94
2025-12-11 15:49:52,20.94
2025-12-11 15:49:54,20.94
2025-12-11 15:49:57,20.94
2025-12-11 15:50:00,20.94
2025-12-11 15:50:03,20.94
2025-12-11 15:50:06,20.94
2025-12-11 15:50:09,20.94
2025-12-11 15:50:11,20.88
2025-12-11 15:50:14,20.94
2025-12-11 15:50:17,20.94
2025-12-11 15:50:20,20.94
2025-12-11 15:50:23,20.94
2025-12-11 15:50:25,20.88
2025-12-11 15:50:28,20.94
2025-12-11 15:50:31,20.88
2025-12-11 15:50:34,20.94
2025-12-11 15:50:37,20.88
2025-12-11 15:50:39,20.94
2025-12-11 15:50:42,20.94
2025-12-11 15:50:45,20.94
2025-12-11 15:50:48,20.94
2025-12-11 15:50:51,20.88
2025-12-11 15:50:54,20.94
2025-12-11 15:50:56,20.94
2025-12-11 15:50:59,20.88
2025-12-11 15:51:02,20.94
2025-12-11 15:51:05,20.88
2025-12-11 15:51:08,20.94
2025-12-11 15:51:10,20.94
2025-12-11 15:51:13,20.94
2025-12-11 15:51:16,20.94
2025-12-11 15:51:19,20.88
2025-12-11 15:51:22,20.94
2025-12-11 15:51:25,20.94
2025-12-11 15:51:27,20.94
2025-12-11 15:51:30,20.94
2025-12-11 15:51:33,20.94
2025-12-11 15:51:36,20.88
2025-12-11 15:51:39,20.94
2025-12-11 15:51:41,20.94
2025-12-11 15:51:44,20.88
2025-12-11 15:51:47,20.94
2025-12-11 15:51:50,20.94
2025-12-11 15:51:53,20.94
2025-12-11 15:51:56,20.94
2025-12-11 15:51:58,20.94
2025-12-11 15:52:01,20.88
2025-12-11 15:52:04,20.94
2025-12-11 15:52:07,20.88
2025-12-11 15:52:10,20.94
2025-12-11 15:52:12,20.94
2025-12-11 15:52:15,20.94
2025-12-11 15:52:18,20.94
2025-12-11 15:52:21,20.94
2025-12-11 15:52:24,20.94
2025-12-11 15:52:26,20.94
2025-12-11 15:52:29,20.88
2025-12-11 15:52:32,20.94
2025-12-11 15:52:35,20.88
2025-12-11 15:52:38,20.94
2025-12-11 15:52:41,20.88
2025-12-11 15:52:43,20.88
2025-12-11 15:52:46,20.94
2025-12-11 15:52:49,20.88
2025-12-11 15:52:52,20.94
2025-12-11 15:52:55,20.88
2025-12-11 15:52:57,20.94
2025-12-11 15:53:00,20.88
2025-12-11 15:53:03,20.88
2025-12-11 15:53:06,20.88
2025-12-11 15:53:09,20.88
2025-12-11 15:53:12,20.88
2025-12-11 15:53:14,20.94
2025-12-11 15:53:17,20.88
2025-12-11 15:53:20,20.94
2025-12-11 15:53:23,20.88
2025-12-11 15:53:26,20.94
2025-12-11 15:53:28,20.88
2025-12-11 15:53:31,20.88
2025-12-11 15:53:34,20.88
2025-12-11 15:53:37,20.94
2025-12-11 15:53:40,20.88
2025-12-11 15:53:43,20.88
2025-12-11 15:53:45,20.88
2025-12-11 15:53:48,20.88
2025-12-11 15:53:51,20.94
2025-12-11 15:53:54,20.88
2025-12-11 15:53:57,20.88
2025-12-11 15:53:59,20.88
2025-12-11 15:54:02,20.88
2025-12-11 15:54:05,20.88
2025-12-11 15:54:08,20.88
2025-12-11 15:54:11,20.94
2025-12-11 15:54:13,20.88
2025-12-11 15:54:16,20.94
2025-12-11 15:54:19,20.88
2025-12-11 15:54:22,20.88
2025-12-11 15:54:25,20.88
2025-12-11 15:54:28,20.88
2025-12-11 15:54:30,20.94
2025-12-11 15:54:33,20.88
2025-12-11 15:54:36,20.88
2025-12-11 15:54:39,20.88
2025-12-11 15:54:42,20.94
2025-12-11 15:54:44,20.88
2025-12-11 15:54:47,20.88
2025-12-11 15:54:50,20.88
2025-12-11 15:54:53,20.94
2025-12-11 15:54:56,20.94
2025-12-11 15:54:59,20.88
2025-12-11 15:55:01,20.88
2025-12-11 15:55:04,20.94
2025-12-11 15:55:07,20.94
2025-12-11 15:55:10,20.88
2025-12-11 15:55:13,20.94
2025-12-11 15:55:15,20.94
2025-12-11 15:55:18,20.88
2025-12-11 15:55:21,20.94
2025-12-11 15:55:24,20.88
2025-12-11 15:55:27,20.94
2025-12-11 15:55:30,20.88
2025-12-11 15:55:32,20.94
2025-12-11 15:55:35,20.88
2025-12-11 15:55:38,20.94
2025-12-11 15:55:41,20.94
2025-12-11 15:55:44,20.88
2025-12-11 15:55:46,20.88
2025-12-11 15:55:49,20.94
2025-12-11 15:55:52,20.88
2025-12-11 15:55:55,20.88
2025-12-11 15:55:58,20.88
2025-12-11 15:56:01,20.94
2025-12-11 15:56:03,20.94
2025-12-11 15:56:06,20.88
2025-12-11 15:56:09,20.94
2025-12-11 15:56:12,20.94
2025-12-11 15:56:15,20.94
2025-12-11 15:56:17,20.94
2025-12-11 15:56:20,20.94
2025-12-11 15:56:23,20.88
2025-12-11 15:56:26,20.94
2025-12-11 15:56:29,20.94
2025-12-11 15:56:31,20.94
2025-12-11 15:56:34,20.94
2025-12-11 15:56:37,20.94
2025-12-11 15:56:40,20.88
2025-12-11 15:56:43,20.94
2025-12-11 15:56:46,20.88
2025-12-11 15:56:48,20.94
2025-12-11 15:56:51,20.94
2025-12-11 15:56:54,20.94
2025-12-11 15:56:57,20.94
2025-12-11 15:57:00,20.94
2025-12-11 15:57:02,20.94
2025-12-11 15:57:05,20.94
2025-12-11 15:57:08,20.94
2025-12-11 15:57:11,20.94
2025-12-11 15:57:14,20.94
2025-12-11 15:57:17,20.94
2025-12-11 15:57:19,20.94
2025-12-11 15:57:22,20.94
2025-12-11 15:57:25,20.94
2025-12-11 15:57:28,20.94
2025-12-11 15:57:31,20.94
2025-12-11 15:57:33,20.94
2025-12-11 15:57:36,20.94
2025-12-11 15:57:39,21.00
2025-12-11 15:57:42,20.94
2025-12-11 15:57:45,20.94
2025-12-11 15:57:48,20.94
2025-12-11 15:57:50,20.94
2025-12-11 15:57:53,20.94
2025-12-11 15:57:56,20.94
2025-12-11 15:57:59,20.94
2025-12-11 15:58:02,20.94
2025-12-11 15:58:04,20.94
2025-12-11 15:58:07,20.94
2025-12-11 15:58:10,20.94
2025-12-11 15:58:13,20.94
2025-12-11 15:58:16,20.94
2025-12-11 15:58:18,21.00
2025-12-11 15:58:21,20.94
2025-12-11 15:58:24,20.94
2025-12-11 15:58:27,20.94
2025-12-11 15:58:30,20.94
2025-12-11 15:58:33,20.94
2025-12-11 15:58:35,20.94
2025-12-11 15:58:38,20.94
2025-12-11 15:58:41,20.94
2025-12-11 15:58:44,20.94
2025-12-11 15:58:47,20.94
2025-12-11 15:58:49,20.94
2025-12-11 15:58:52,20.94
2025-12-11 15:58:55,20.94
2025-12-11 15:58:58,20.94
2025-12-11 15:59:01,21.00
2025-12-11 15:59:04,20.94
2025-12-11 15:59:06,20.94
2025-12-11 15:59:09,20.94
2025-12-11 15:59:12,20.94
2025-12-11 15:59:15,20.94
2025-12-11 15:59:18,20.94
2025-12-11 15:59:20,20.94
2025-12-11 15:59:23,20.94
2025-12-11 15:59:26,20.94
2025-12-11 15:59:29,20.94
2025-12-11 15:59:32,20.94
2025-12-11 15:59:35,20.94
2025-12-11 15:59:37,20.94
2025-12-11 15:59:40,20.94
2025-12-11 15:59:43,20.94
2025-12-11 15:59:46,20.94
2025-12-11 15:59:49,20.94
2025-12-11 15:59:51,20.94
2025-12-11 15:59:54,20.94
2025-12-11 15:59:57,21.00
2025-12-11 16:00:00,20.94
2025-12-11 16:00:03,21.00
2025-12-11 16:00:05,20.94
2025-12-11 16:00:08,20.94
2025-12-11 16:00:11,20.94
2025-12-11 16:00:14,20.94
2025-12-11 16:00:17,20.94
2025-12-11 16:00:20,20.94
2025-12-11 16:00:22,20.94
2025-12-11 16:00:25,20.94
2025-12-11 16:00:28,20.94
2025-12-11 16:00:31,20.94
2025-12-11 16:00:34,20.94
2025-12-11 16:00:36,21.00
2025-12-11 16:00:39,20.94
2025-12-11 16:00:42,21.00
2025-12-11 16:00:45,20.94
2025-12-11 16:00:48,21.00
2025-12-11 16:00:51,21.00
2025-12-11 16:00:53,21.00
2025-12-11 16:00:56,21.00
2025-12-11 16:00:59,20.94
2025-12-11 16:01:02,21.00
2025-12-11 16:01:05,20.94
2025-12-11 16:01:07,21.00
2025-12-11 16:01:10,21.00
2025-12-11 16:01:13,20.94
2025-12-11 16:01:16,21.00
2025-12-11 16:01:19,20.94
2025-12-11 16:01:22,20.94
2025-12-11 16:01:24,20.94
2025-12-11 16:01:27,20.94
2025-12-11 16:01:30,20.94
2025-12-11 16:01:33,20.94
2025-12-11 16:01:36,20.94
2025-12-11 16:01:38,20.94
2025-12-11 16:01:41,20.94
2025-12-11 16:01:44,20.88
2025-12-11 16:01:47,20.94
2025-12-11 16:01:50,20.94
2025-12-11 16:01:53,20.94
2025-12-11 16:01:55,20.94
2025-12-11 16:01:58,20.94
2025-12-11 16:02:01,20.88
2025-12-11 16:02:04,20.94
2025-12-11 16:02:07,20.94
2025-12-11 16:02:09,20.88
2025-12-11 16:02:12,20.94
2025-12-11 16:02:15,20.94
2025-12-11 16:02:18,20.88
2025-12-11 16:02:21,20.94
2025-12-11 16:02:23,20.94
2025-12-11 16:02:26,20.94
2025-12-11 16:02:29,20.88
2025-12-11 16:02:32,20.94
2025-12-11 16:02:35,20.88
2025-12-11 16:02:38,20.88
2025-12-11 16:02:40,20.88
2025-12-11 16:02:43,20.88
2025-12-11 16:02:46,20.94
2025-12-11 16:02:49,20.94
2025-12-11 16:02:52,20.88
2025-12-11 16:02:54,20.94
2025-12-11 16:02:57,20.94
2025-12-11 16:03:00,20.94
2025-12-11 16:03:03,20.88
2025-12-11 16:03:06,20.88
2025-12-11 16:03:09,20.88
2025-12-11 16:03:11,20.88
2025-12-11 16:03:14,20.88
2025-12-11 16:03:17,20.88
2025-12-11 16:03:20,20.94
2025-12-11 16:03:23,20.94
2025-12-11 16:03:25,20.94
2025-12-11 16:03:28,20.88
2025-12-11 16:03:31,20.88
2025-12-11 16:03:34,20.88
2025-12-11 16:03:37,20.88
2025-12-11 16:03:40,20.88
2025-12-11 16:03:42,20.88
2025-12-11 16:03:45,20.88
2025-12-11 16:03:48,20.88
2025-12-11 16:03:51,20.88
2025-12-11 16:03:54,20.88
2025-12-11 16:03:56,20.88
2025-12-11 16:03:59,20.88
2025-12-11 16:04:02,20.88
2025-12-11 16:04:05,20.88
2025-12-11 16:04:08,20.88
2025-12-11 16:04:10,20.88
2025-12-11 16:04:13,20.88
2025-12-11 16:04:16,20.94
2025-12-11 16:04:19,20.88
2025-12-11 16:04:22,20.88
2025-12-11 16:04:25,20.88
2025-12-11 16:04:27,20.88
2025-12-11 16:04:30,20.88
2025-12-11 16:04:33,20.88
2025-12-11 16:04:36,20.88
2025-12-11 16:04:39,20.88
2025-12-11 16:04:41,20.88
2025-12-11 16:04:44,20.88
2025-12-11 16:04:47,20.88
2025-12-11 16:04:50,20.88
2025-12-11 16:04:53,20.88
2025-12-11 16:04:56,20.88
2025-12-11 16:04:58,20.88
2025-12-11 16:05:01,20.88
2025-12-11 16:05:04,20.88
2025-12-11 16:05:07,20.88
2025-12-11 16:05:10,20.88
2025-12-11 16:05:12,20.94
2025-12-11 16:05:15,20.88
2025-12-11 16:05:18,20.88
2025-12-11 16:05:21,20.88
2025-12-11 16:05:24,20.88
2025-12-11 16:05:27,20.88
2025-12-11 16:05:29,20.88
2025-12-11 16:05:32,20.88
2025-12-11 16:05:35,20.88
2025-12-11 16:05:38,20.88
2025-12-11 16:05:41,20.88
2025-12-11 16:05:43,20.88
2025-12-11 16:05:46,20.94
2025-12-11 16:05:49,20.94
2025-12-11 16:05:52,20.88
2025-12-11 16:05:55,20.88
2025-12-11 16:05:57,20.88
2025-12-11 16:06:00,20.88
2025-12-11 16:06:03,20.88
2025-12-11 16:06:06,20.88
2025-12-11 16:06:09,20.88
2025-12-11 16:06:12,20.88
2025-12-11 16:06:14,20.94
2025-12-11 16:06:17,20.88
2025-12-11 16:06:20,20.88
2025-12-11 16:06:23,20.94
2025-12-11 16:06:26,20.94
2025-12-11 16:06:28,20.88
2025-12-11 16:06:31,20.88
2025-12-11 16:06:34,20.94
2025-12-11 16:06:37,20.94
2025-12-11 16:06:40,20.94
2025-12-11 16:06:43,20.94
2025-12-11 16:06:45,20.88
2025-12-11 16:06:48,20.88
2025-12-11 16:06:51,20.88
2025-12-11 16:06:54,20.94
2025-12-11 16:06:57,20.94
2025-12-11 16:06:59,20.94
2025-12-11 16:07:02,20.88
2025-12-11 16:07:05,20.94
2025-12-11 16:07:08,20.88
2025-12-11 16:07:11,20.88
2025-12-11 16:07:14,20.94
2025-12-11 16:07:16,20.94
2025-12-11 16:07:19,20.88
2025-12-11 16:07:22,20.94
2025-12-11 16:07:25,20.94
2025-12-11 16:07:28,20.94
2025-12-11 16:07:30,20.94
2025-12-11 16:07:33,20.88
2025-12-11 16:07:36,20.94
2025-12-11 16:07:39,20.94
2025-12-11 16:07:42,20.94
2025-12-11 16:07:45,20.94
2025-12-11 16:07:47,20.94
2025-12-11 16:07:50,20.94
2025-12-11 16:07:53,20.94
2025-12-11 16:07:56,20.88
2025-12-11 16:07:59,20.94
2025-12-11 16:08:01,20.94
2025-12-11 16:08:04,20.88
2025-12-11 16:08:07,20.94
2025-12-11 16:08:10,20.94
2025-12-11 16:08:13,20.94
2025-12-11 16:08:15,20.88
2025-12-11 16:08:18,20.88
2025-12-11 16:08:21,20.94
2025-12-11 16:08:24,20.94
2025-12-11 16:08:27,20.94
2025-12-11 16:08:30,20.94
2025-12-11 16:08:32,20.94
2025-12-11 16:08:35,20.88
2025-12-11 16:08:38,20.94
2025-12-11 16:08:41,20.94
2025-12-11 16:08:44,20.88
2025-12-11 16:08:46,20.94
2025-12-11 16:08:49,20.94
2025-12-11 16:08:52,20.94
2025-12-11 16:08:55,20.94
2025-12-11 16:08:58,20.94
2025-12-11 16:09:01,20.88
2025-12-11 16:09:03,20.94
2025-12-11 16:09:06,20.88
2025-12-11 16:09:09,20.94
2025-12-11 16:09:12,20.94
2025-12-11 16:09:15,20.94
2025-12-11 16:09:17,20.94
2025-12-11 16:09:20,20.94
2025-12-11 16:09:23,20.94
2025-12-11 16:09:26,20.88
2025-12-11 16:09:29,20.94
2025-12-11 16:09:32,20.94
2025-12-11 16:09:34,20.94
2025-12-11 16:09:37,20.88
2025-12-11 16:09:40,20.94
2025-12-11 16:09:43,20.94
2025-12-11 16:09:46,20.94
2025-12-11 16:09:48,20.94
2025-12-11 16:09:51,20.94
2025-12-11 16:09:54,20.94
2025-12-11 16:09:57,20.94
2025-12-11 16:10:00,20.88
2025-12-11 16:10:02,20.94
2025-12-11 16:10:05,20.94
2025-12-11 16:10:08,20.94
2025-12-11 16:10:11,20.94
2025-12-11 16:10:14,20.94
2025-12-11 16:10:17,20.94
2025-12-11 16:10:19,20.94
2025-12-11 16:10:22,20.94
2025-12-11 16:10:25,20.94
2025-12-11 16:10:28,21.00
2025-12-11 16:10:31,20.94
2025-12-11 16:10:33,20.94
2025-12-11 16:10:36,20.94
2025-12-11 16:10:39,20.94
2025-12-11 16:10:42,20.94
2025-12-11 16:10:45,20.94
2025-12-11 16:10:48,20.94
2025-12-11 16:10:50,20.94
2025-12-11 16:10:53,20.94
2025-12-11 16:10:56,20.94
2025-12-11 16:10:59,20.88
2025-12-11 16:11:02,20.94
2025-12-11 16:11:04,20.94
2025-12-11 16:11:07,20.94
2025-12-11 16:11:10,20.94
2025-12-11 16:11:13,20.94
2025-12-11 16:11:16,20.94
2025-12-11 16:11:19,20.94
2025-12-11 16:11:21,20.94
2025-12-11 16:11:24,20.94
2025-12-11 16:11:27,20.94
2025-12-11 16:11:30,20.94
2025-12-11 16:11:33,20.94
2025-12-11 16:11:35,20.94
2025-12-11 16:11:38,20.94
2025-12-11 16:11:41,20.94
2025-12-11 16:11:44,20.94
2025-12-11 16:11:47,20.94
2025-12-11 16:11:49,20.94
2025-12-11 16:11:52,20.94
2025-12-11 16:11:55,20.94
2025-12-11 16:11:58,20.94
2025-12-11 16:12:01,20.94
2025-12-11 16:12:04,20.94
2025-12-11 16:12:06,20.94
2025-12-11 16:12:09,20.94
2025-12-11 16:12:12,20.94
2025-12-11 16:12:15,20.94
2025-12-11 16:12:18,20.94
2025-12-11 16:12:20,20.94
2025-12-11 16:12:23,20.94
2025-12-11 16:12:26,20.94
2025-12-11 16:12:29,20.94
2025-12-11 16:12:32,20.94
2025-12-11 16:12:35,20.94
2025-12-11 16:12:37,20.94
2025-12-11 16:12:40,20.94
2025-12-11 16:12:43,20.94
2025-12-11 16:12:46,20.94
2025-12-11 16:12:49,20.94
2025-12-11 16:12:51,20.94
2025-12-11 16:12:54,20.94
2025-12-11 16:12:57,21.00
2025-12-11 16:13:00,20.94
2025-12-11 16:13:03,20.94
2025-12-11 16:13:06,20.94
2025-12-11 16:13:08,20.94
2025-12-11 16:13:11,20.94
2025-12-11 16:13:14,20.94
2025-12-11 16:13:17,20.94
2025-12-11 16:13:20,20.94
2025-12-11 16:13:22,21.00
2025-12-11 16:13:25,20.94
2025-12-11 16:13:28,20.94
2025-12-11 16:13:31,20.94
2025-12-11 16:13:34,20.94
2025-12-11 16:13:37,20.94
2025-12-11 16:13:39,20.94
2025-12-11 16:13:42,20.94
2025-12-11 16:13:45,20.94
2025-12-11 16:13:48,20.94
2025-12-11 16:13:51,20.94
2025-12-11 16:13:53,20.94
2025-12-11 16:13:56,20.94
2025-12-11 16:13:59,20.94
2025-12-11 16:14:02,20.94
2025-12-11 16:14:05,21.00
2025-12-11 16:14:07,20.94
2025-12-11 16:14:10,20.94
2025-12-11 16:14:13,21.00
2025-12-11 16:14:16,21.00
2025-12-11 16:14:19,21.00
2025-12-11 16:14:22,20.94
2025-12-11 16:14:24,21.00
2025-12-11 16:14:27,21.00
2025-12-11 16:14:30,21.06
2025-12-11 16:14:33,21.06
2025-12-11 16:14:36,21.06
2025-12-11 16:14:38,21.06
2025-12-11 16:14:41,21.06
2025-12-11 16:14:44,21.06
2025-12-11 16:14:47,21.06
2025-12-11 16:14:50,21.06
2025-12-11 16:14:53,21.06
2025-12-11 16:14:55,21.00
2025-12-11 16:14:58,21.00
2025-12-11 16:15:01,21.06
2025-12-11 16:15:04,21.00
2025-12-11 16:15:07,21.00
2025-12-11 16:15:09,21.00
2025-12-11 16:15:12,21.06
2025-12-11 16:15:15,21.31
2025-12-11 16:15:18,22.44
2025-12-11 16:15:21,24.12
2025-12-11 16:15:24,24.62
2025-12-11 16:15:26,24.75
2025-12-11 16:15:29,24.62
2025-12-11 16:15:32,24.25
2025-12-11 16:15:35,23.94
2025-12-11 16:15:38,23.62
2025-12-11 16:15:40,23.44
2025-12-11 16:15:43,23.12
2025-12-11 16:15:46,22.94
2025-12-11 16:15:49,22.75
2025-12-11 16:15:52,22.62
2025-12-11 16:15:54,22.44
2025-12-11 16:15:57,22.31
2025-12-11 16:16:00,22.19
2025-12-11 16:16:03,22.12
2025-12-11 16:16:06,22.00
2025-12-11 16:16:09,21.94
2025-12-11 16:16:11,21.81
2025-12-11 16:16:14,21.75
2025-12-11 16:16:17,21.69
2025-12-11 16:16:20,21.69
2025-12-11 16:16:23,21.56
2025-12-11 16:16:25,21.56
2025-12-11 16:16:28,21.50
2025-12-11 16:16:31,21.50
2025-12-11 16:16:34,21.44
2025-12-11 16:16:37,21.38
2025-12-11 16:16:40,21.38
2025-12-11 16:16:42,21.38
2025-12-11 16:16:45,21.31
2025-12-11 16:16:48,21.31
2025-12-11 16:16:51,21.31
2025-12-11 16:16:54,21.25
2025-12-11 16:16:56,21.25
2025-12-11 16:16:59,21.25
2025-12-11 16:17:02,21.19
2025-12-11 16:17:05,21.19
2025-12-11 16:17:08,21.19
2025-12-11 16:17:11,21.19
2025-12-11 16:17:13,21.19
2025-12-11 16:17:16,21.12
2025-12-11 16:17:19,21.12
2025-12-11 16:17:22,21.12
2025-12-11 16:17:25,21.12
2025-12-11 16:17:27,21.12
2025-12-11 16:17:30,21.12
2025-12-11 16:17:33,21.12
2025-12-11 16:17:36,21.06
2025-12-11 16:17:39,21.12
2025-12-11 16:17:41,21.06
2025-12-11 16:17:44,21.06
2025-12-11 16:17:47,21.12
2025-12-11 16:17:50,21.06
2025-12-11 16:17:53,21.06
2025-12-11 16:17:56,21.06
2025-12-11 16:17:58,21.06
2025-12-11 16:18:01,21.06
2025-12-11 16:18:04,21.06
2025-12-11 16:18:07,21.06
2025-12-11 16:18:10,21.06
2025-12-11 16:18:12,21.00
2025-12-11 16:18:15,21.00
2025-12-11 16:18:18,21.06
2025-12-11 16:18:21,21.00
2025-12-11 16:18:24,21.00
2025-12-11 16:18:27,21.00
2025-12-11 16:18:29,21.06
2025-12-11 16:18:32,21.00
2025-12-11 16:18:35,21.06
2025-12-11 16:18:38,21.06
2025-12-11 16:18:41,21.00
2025-12-11 16:18:43,21.06
2025-12-11 16:18:46,21.00
2025-12-11 16:18:49,21.00
2025-12-11 16:18:52,21.00
2025-12-11 16:18:55,21.00
2025-12-11 16:18:58,21.00
2025-12-11 16:19:00,21.00
2025-12-11 16:19:03,21.00
2025-12-11 16:19:06,21.00
2025-12-11 16:19:09,21.00
2025-12-11 16:19:12,21.00
2025-12-11 16:19:14,21.00
2025-12-11 16:19:17,21.00
2025-12-11 16:19:20,21.00
2025-12-11 16:19:23,21.00
2025-12-11 16:19:26,21.00
2025-12-11 16:19:29,21.00
2025-12-11 16:19:31,21.00
2025-12-11 16:19:34,21.00
2025-12-11 16:19:37,21.00
2025-12-11 16:19:40,21.00
2025-12-11 16:19:43,21.00
2025-12-11 16:19:45,21.00
2025-12-11 16:19:48,21.00
2025-12-11 16:19:51,21.00
2025-12-11 16:19:54,21.00
2025-12-11 16:19:57,21.00
2025-12-11 16:19:59,21.00
2025-12-11 16:20:02,21.00
2025-12-11 16:20:05,21.00
2025-12-11 16:20:08,21.00
2025-12-11 16:20:11,21.00
2025-12-11 16:20:14,21.00
2025-12-11 16:20:16,21.00
2025-12-11 16:20:19,21.00
2025-12-11 16:20:22,21.00
2025-12-11 16:20:25,21.00
2025-12-11 16:20:28,21.00
2025-12-11 16:20:30,21.00
2025-12-11 16:20:33,21.00
2025-12-11 16:20:36,21.00
2025-12-11 16:20:39,21.00
2025-12-11 16:20:42,21.00
2025-12-11 16:20:45,21.00
2025-12-11 16:20:47,21.00
2025-12-11 16:20:50,21.00
2025-12-11 16:20:53,21.00
2025-12-11 16:20:56,21.00
2025-12-11 16:20:59,21.00
2025-12-11 16:21:01,21.00
2025-12-11 16:21:04,20.94
2025-12-11 16:21:07,21.00
2025-12-11 16:21:10,21.00
2025-12-11 16:21:13,21.00
2025-12-11 16:21:16,21.00
2025-12-11 16:21:18,21.00
2025-12-11 16:21:21,21.06
2025-12-11 16:21:24,21.06
2025-12-11 16:21:27,21.88
2025-12-11 16:21:30,23.00
2025-12-11 16:21:32,23.75
2025-12-11 16:21:35,24.38
2025-12-11 16:21:38,24.75
2025-12-11 16:21:41,25.00
2025-12-11 16:21:44,25.19
2025-12-11 16:21:46,25.31
2025-12-11 16:21:49,25.25
2025-12-11 16:21:52,24.94
2025-12-11 16:21:55,24.62
2025-12-11 16:21:58,24.38
2025-12-11 16:22:01,24.12
2025-12-11 16:22:03,23.88
2025-12-11 16:22:06,23.69
2025-12-11 16:22:09,23.50
2025-12-11 16:22:12,23.38
2025-12-11 16:22:15,23.19
2025-12-11 16:22:17,23.06
2025-12-11 16:22:20,22.94
2025-12-11 16:22:23,22.81
2025-12-11 16:22:26,22.69
2025-12-11 16:22:29,22.56
2025-12-11 16:22:32,22.50
2025-12-11 16:22:34,22.38
2025-12-11 16:22:37,22.31
2025-12-11 16:22:40,22.25
2025-12-11 16:22:43,22.12
2025-12-11 16:22:46,22.06
2025-12-11 16:22:48,22.06
2025-12-11 16:22:51,22.00
2025-12-11 16:22:54,21.94
2025-12-11 16:22:57,21.88
2025-12-11 16:23:00,21.88
2025-12-11 16:23:03,21.81
2025-12-11 16:23:05,21.75
2025-12-11 16:23:08,21.75
2025-12-11 16:23:11,21.75
2025-12-11 16:23:14,21.69
2025-12-11 16:23:17,21.69
2025-12-11 16:23:19,21.62
2025-12-11 16:23:22,21.62
2025-12-11 16:23:25,21.62
2025-12-11 16:23:28,21.62
2025-12-11 16:23:31,21.56
2025-12-11 16:23:33,21.56
2025-12-11 16:23:36,21.56
2025-12-11 16:23:39,21.56
2025-12-11 16:23:42,21.56
2025-12-11 16:23:45,21.50
2025-12-11 16:23:48,21.50
2025-12-11 16:23:50,21.44
2025-12-11 16:23:53,21.50
2025-12-11 16:23:56,21.44
2025-12-11 16:23:59,21.44
2025-12-11 16:24:02,21.44
2025-12-11 16:24:04,21.44
2025-12-11 16:24:07,21.44
2025-12-11 16:24:10,21.44
2025-12-11 16:24:13,21.44
2025-12-11 16:24:16,21.44
2025-12-11 16:24:19,21.44
2025-12-11 16:24:21,21.38
2025-12-11 16:24:24,21.44
2025-12-11 16:24:27,21.44
2025-12-11 16:24:30,21.44
2025-12-11 16:24:33,21.38
2025-12-11 16:24:35,21.31
2025-12-11 16:24:38,21.38
2025-12-11 16:24:41,21.38
2025-12-11 16:24:44,21.31
2025-12-11 16:24:47,21.31
2025-12-11 16:24:50,21.31
2025-12-11 16:24:52,21.38
2025-12-11 16:24:55,21.38
2025-12-11 16:24:58,21.38
2025-12-11 16:25:01,21.31
2025-12-11 16:25:04,21.38
2025-12-11 16:25:06,21.38
2025-12-11 16:25:09,21.38
2025-12-11 16:25:12,21.31
2025-12-11 16:25:15,21.31
2025-12-11 16:25:18,21.31
2025-12-11 16:25:21,21.31
2025-12-11 16:25:23,21.31
2025-12-11 16:25:26,21.31
2025-12-11 16:25:29,21.31
2025-12-11 16:25:32,21.31
2025-12-11 16:25:35,21.31
2025-12-11 16:25:37,21.31
2025-12-11 16:25:40,21.31
2025-12-11 16:25:43,21.31
2025-12-11 16:25:46,21.31
2025-12-11 16:25:49,21.31
2025-12-11 16:25:51,21.31
2025-12-11 16:25:54,21.31
2025-12-11 16:25:57,21.25
2025-12-11 16:26:00,21.25
2025-12-11 16:26:03,21.25
2025-12-11 16:26:06,21.31
2025-12-11 16:26:08,21.25
2025-12-11 16:26:11,21.31
2025-12-11 16:26:14,21.25
2025-12-11 16:26:17,21.31
2025-12-11 16:26:20,21.25
2025-12-11 16:26:22,21.25
2025-12-11 16:26:25,21.31
2025-12-11 16:26:28,21.31
2025-12-11 16:26:31,21.25
2025-12-11 16:26:34,21.25
2025-12-11 16:26:37,21.25
2025-12-11 16:26:39,21.25
2025-12-11 16:26:42,21.25
2025-12-11 16:26:45,21.31
2025-12-11 16:26:48,21.25
2025-12-11 16:26:51,21.25
2025-12-11 16:26:53,21.25
2025-12-11 16:26:56,21.25
2025-12-11 16:26:59,21.25
2025-12-11 16:27:02,21.25
2025-12-11 16:27:05,21.25
2025-12-11 16:27:08,21.25
2025-12-11 16:27:10,21.25
2025-12-11 16:27:13,21.25
2025-12-11 16:27:16,21.25
2025-12-11 16:27:19,21.25
2025-12-11 16:27:22,21.25
2025-12-11 16:27:24,21.25
2025-12-11 16:27:27,21.25
2025-12-11 16:27:30,21.31
2025-12-11 16:27:33,22.06
2025-12-11 16:27:36,23.38
2025-12-11 16:27:38,24.69
2025-12-11 16:27:41,24.94
2025-12-11 16:27:44,24.75
2025-12-11 16:27:47,24.31
2025-12-11 16:27:50,24.00
2025-12-11 16:27:53,23.69
2025-12-11 16:27:55,23.44
2025-12-11 16:27:58,23.25
2025-12-11 16:28:01,23.00
2025-12-11 16:28:04,22.81
2025-12-11 16:28:07,22.62
2025-12-11 16:28:09,22.50
2025-12-11 16:28:12,22.44
2025-12-11 16:28:15,22.31
2025-12-11 16:28:18,22.19
2025-12-11 16:28:21,22.06
2025-12-11 16:28:24,22.00
2025-12-11 16:28:26,21.88
2025-12-11 16:28:29,21.88
2025-12-11 16:28:32,21.81
2025-12-11 16:28:35,21.75
2025-12-11 16:28:38,21.69
2025-12-11 16:28:40,21.69
2025-12-11 16:28:43,21.62
2025-12-11 16:28:46,21.56
2025-12-11 16:28:49,21.62
2025-12-11 16:28:52,21.56
2025-12-11 16:28:55,21.50
2025-12-11 16:28:57,21.50
2025-12-11 16:29:00,21.44
2025-12-11 16:29:03,21.44
2025-12-11 16:29:06,21.44
2025-12-11 16:29:09,21.44
2025-12-11 16:29:11,21.44
2025-12-11 16:29:14,21.50
2025-12-11 16:29:17,21.50
2025-12-11 16:29:20,21.44
2025-12-11 16:29:23,21.44
2025-12-11 16:29:25,21.50
2025-12-11 16:29:28,21.44
2025-12-11 16:29:31,21.38
2025-12-11 16:29:34,21.38
2025-12-11 16:29:37,21.38
2025-12-11 16:29:40,21.38
2025-12-11 16:29:42,21.38
2025-12-11 16:29:45,21.38
2025-12-11 16:29:48,21.38
2025-12-11 16:29:51,21.38
2025-12-11 16:29:54,21.31
2025-12-11 16:29:56,21.31
2025-12-11 16:29:59,21.31
2025-12-11 16:30:02,21.31
2025-12-11 16:30:05,21.31
2025-12-11 16:30:08,21.31
2025-12-11 16:30:11,21.31
2025-12-11 16:30:13,21.31
2025-12-11 16:30:16,21.31
2025-12-11 16:30:19,21.31
2025-12-11 16:30:22,21.31
2025-12-11 16:30:25,21.25
2025-12-11 16:30:27,21.25
2025-12-11 16:30:30,21.31
2025-12-11 16:30:33,21.31
2025-12-11 16:30:36,21.31
2025-12-11 16:30:39,21.25
2025-12-11 16:30:42,21.31
2025-12-11 16:30:44,21.25
2025-12-11 16:30:47,21.31
2025-12-11 16:30:50,21.25
2025-12-11 16:30:53,21.31
2025-12-11 16:30:56,21.25
2025-12-11 16:30:58,21.31
2025-12-11 16:31:01,21.25
2025-12-11 16:31:04,21.25
2025-12-11 16:31:07,21.25
2025-12-11 16:31:10,21.25
2025-12-11 16:31:13,21.25
2025-12-11 16:31:15,21.25
2025-12-11 16:31:18,21.25
2025-12-11 16:31:21,21.25
2025-12-11 16:31:24,21.25
2025-12-11 16:31:27,21.25
2025-12-11 16:31:29,21.25
2025-12-11 16:31:32,21.31
2025-12-11 16:31:35,21.38
2025-12-11 16:31:38,21.44
2025-12-11 16:31:41,21.75
2025-12-11 16:31:43,22.38
2025-12-11 16:31:46,24.12
2025-12-11 16:31:49,25.62
2025-12-11 16:31:52,26.88
2025-12-11 16:31:55,27.81
2025-12-11 16:31:58,28.56
2025-12-11 16:32:00,29.12
2025-12-11 16:32:03,29.56
2025-12-11 16:32:06,30.00
2025-12-11 16:32:09,30.38
2025-12-11 16:32:12,30.69
2025-12-11 16:32:14,31.00
2025-12-11 16:32:17,31.31
2025-12-11 16:32:20,31.50
2025-12-11 16:32:23,31.75
2025-12-11 16:32:26,31.81
2025-12-11 16:32:29,31.75
2025-12-11 16:32:31,31.56
2025-12-11 16:32:34,30.88
2025-12-11 16:32:37,30.19
2025-12-11 16:32:40,29.50
2025-12-11 16:32:43,28.88
2025-12-11 16:32:45,28.31
2025-12-11 16:32:48,27.81
2025-12-11 16:32:51,27.31
2025-12-11 16:32:54,26.94
2025-12-11 16:32:57,26.56
2025-12-11 16:33:00,26.25
2025-12-11 16:33:02,25.88
2025-12-11 16:33:05,25.62
2025-12-11 16:33:08,25.31
2025-12-11 16:33:11,25.06
2025-12-11 16:33:14,24.81
2025-12-11 16:33:16,24.56
2025-12-11 16:33:19,24.38
2025-12-11 16:33:22,24.19
2025-12-11 16:33:25,24.00
2025-12-11 16:33:28,23.75
2025-12-11 16:33:30,23.56
2025-12-11 16:33:33,23.44
2025-12-11 16:33:36,23.25
2025-12-11 16:33:39,23.12
2025-12-11 16:33:42,23.00
2025-12-11 16:33:45,22.88
2025-12-11 16:33:47,22.81
2025-12-11 16:33:50,22.69
2025-12-11 16:33:53,22.56
2025-12-11 16:33:56,22.50
2025-12-11 16:33:59,22.44
2025-12-11 16:34:01,22.38
2025-12-11 16:34:04,22.25
2025-12-11 16:34:07,22.25
2025-12-11 16:34:10,22.12
2025-12-11 16:34:13,22.06
2025-12-11 16:34:16,22.06
2025-12-11 16:34:18,22.00
2025-12-11 16:34:21,21.94
2025-12-11 16:34:24,21.88
2025-12-11 16:34:27,21.88
2025-12-11 16:34:30,21.81
2025-12-11 16:34:32,21.81
2025-12-11 16:34:35,21.75
2025-12-11 16:34:38,21.69
2025-12-11 16:34:41,21.69
2025-12-11 16:34:44,21.69
2025-12-11 16:34:47,21.62
2025-12-11 16:34:49,21.56
2025-12-11 16:34:52,21.62
2025-12-11 16:34:55,21.56
2025-12-11 16:34:58,21.62
2025-12-11 16:35:01,21.56
2025-12-11 16:35:03,21.50
2025-12-11 16:35:06,21.56
2025-12-11 16:35:09,21.50
2025-12-11 16:35:12,21.50
2025-12-11 16:35:15,21.50
2025-12-11 16:35:17,21.50
2025-12-11 16:35:20,21.50
2025-12-11 16:35:23,21.44
2025-12-11 16:35:26,21.44
2025-12-11 16:35:29,21.44
2025-12-11 16:35:32,21.44
2025-12-11 16:35:34,21.44
2025-12-11 16:35:37,21.38
2025-12-11 16:35:40,21.44
2025-12-11 16:35:43,21.38
2025-12-11 16:35:46,21.38
2025-12-11 16:35:48,21.38
2025-12-11 16:35:51,21.38
2025-12-11 16:35:54,21.38
2025-12-11 16:35:57,21.38
2025-12-11 16:36:00,21.38
2025-12-11 16:36:03,21.31
2025-12-11 16:36:05,21.31
2025-12-11 16:36:08,21.38
2025-12-11 16:36:11,21.31
2025-12-11 16:36:14,21.38
2025-12-11 16:36:17,21.31
2025-12-11 16:36:19,21.38
2025-12-11 16:36:22,21.31
2025-12-11 16:36:25,21.31
2025-12-11 16:36:28,21.31
2025-12-11 16:36:31,21.31
2025-12-11 16:36:34,21.31
2025-12-11 16:36:36,21.31
2025-12-11 16:36:39,21.31
2025-12-11 16:36:42,21.31
2025-12-11 16:36:45,21.31
2025-12-11 16:36:48,21.31
2025-12-11 16:36:50,21.31
2025-12-11 16:36:53,21.25
2025-12-11 16:36:56,21.31
2025-12-11 16:36:59,21.25
2025-12-11 16:37:02,21.25
2025-12-11 16:37:05,21.25
2025-12-11 16:37:07,21.25
2025-12-11 16:37:10,21.25
2025-12-11 16:37:13,21.25
2025-12-11 16:37:16,21.25
2025-12-11 16:37:19,21.25
2025-12-11 16:37:21,21.25
2025-12-11 16:37:24,21.25
2025-12-11 16:37:27,21.25
2025-12-11 16:37:30,21.25
2025-12-11 16:37:33,21.25
2025-12-11 16:37:35,21.25
2025-12-11 16:37:38,21.25
2025-12-11 16:37:41,21.25
2025-12-11 16:37:44,21.25
2025-12-11 16:37:47,21.25
2025-12-11 16:37:50,21.25
2025-12-11 16:37:52,21.25
2025-12-11 16:37:55,21.25
2025-12-11 16:37:58,21.25
2025-12-11 16:38:01,21.25
2025-12-11 16:38:04,21.25
2025-12-11 16:38:06,21.25
2025-12-11 16:38:09,21.25
2025-12-11 16:38:12,21.25
2025-12-11 16:38:15,21.31
2025-12-11 16:38:18,21.25
2025-12-11 16:38:21,21.25
2025-12-11 16:38:23,21.25
2025-12-11 16:38:26,21.25
2025-12-11 16:38:29,21.25
2025-12-11 16:38:32,21.25
2025-12-11 16:38:35,21.25
2025-12-11 16:38:37,21.25
2025-12-11 16:38:40,21.25
2025-12-11 16:38:43,21.25
2025-12-11 16:38:46,21.31
2025-12-11 16:38:49,21.25
2025-12-11 16:38:52,21.25
2025-12-11 16:38:54,21.25
2025-12-11 16:38:57,21.25
2025-12-11 16:39:00,21.25
2025-12-11 16:39:03,21.25
2025-12-11 16:39:06,21.25
2025-12-11 16:39:08,21.25
2025-12-11 16:39:11,21.25
2025-12-11 16:39:14,21.25
2025-12-11 16:39:17,21.25
2025-12-11 16:39:20,21.25
2025-12-11 16:39:22,21.25
2025-12-11 16:39:25,21.25
2025-12-11 16:39:28,21.25
2025-12-11 16:39:31,21.25
2025-12-11 16:39:34,21.25
2025-12-11 16:39:37,21.25
2025-12-11 16:39:39,21.25
2025-12-11 16:39:42,21.25
2025-12-11 16:39:45,21.25
2025-12-11 16:39:48,21.25
2025-12-11 16:39:51,21.25
2025-12-11 16:39:53,21.25
2025-12-11 16:39:56,21.25
2025-12-11 16:39:59,21.25
2025-12-11 16:40:02,21.25
2025-12-11 16:40:05,21.25
2025-12-11 16:40:08,21.25
2025-12-11 16:40:10,21.25
2025-12-11 16:40:13,21.25
2025-12-11 16:40:16,21.25
2025-12-11 16:40:19,21.25
2025-12-11 16:40:22,21.25
2025-12-11 16:40:24,21.25
2025-12-11 16:40:27,21.25
2025-12-11 16:40:30,21.25
2025-12-11 16:40:33,21.31
2025-12-11 16:40:36,21.25
2025-12-11 16:40:39,21.25
2025-12-11 16:40:41,21.25
2025-12-11 16:40:44,21.25
2025-12-11 16:40:47,21.31
2025-12-11 16:40:50,21.31
2025-12-11 16:40:53,21.31
2025-12-11 16:40:55,21.44
2025-12-11 16:40:58,21.50
2025-12-11 16:41:01,21.50
2025-12-11 16:41:04,21.44
2025-12-11 16:41:07,21.44
2025-12-11 16:41:09,21.44
2025-12-11 16:41:12,21.38
2025-12-11 16:41:15,21.38
2025-12-11 16:41:18,21.38
2025-12-11 16:41:21,21.38
2025-12-11 16:41:24,21.38
2025-12-11 16:41:26,21.38
2025-12-11 16:41:29,21.38
2025-12-11 16:41:32,21.31
2025-12-11 16:41:35,21.31
2025-12-11 16:41:38,21.31
2025-12-11 16:41:40,21.38
2025-12-11 16:41:43,21.31
2025-12-11 16:41:46,21.31
2025-12-11 16:41:49,21.31
2025-12-11 16:41:52,21.31
2025-12-11 16:41:55,21.31
2025-12-11 16:41:57,21.31
2025-12-11 16:42:00,21.31
2025-12-11 16:42:03,21.31
2025-12-11 16:42:06,21.25
2025-12-11 16:42:09,21.25
2025-12-11 16:42:11,21.31
2025-12-11 16:42:14,21.31
2025-12-11 16:42:17,21.25
2025-12-11 16:42:20,21.31
2025-12-11 16:42:23,21.25
2025-12-11 16:42:26,21.25
2025-12-11 16:42:28,21.25
2025-12-11 16:42:31,21.25
2025-12-11 16:42:34,21.31
2025-12-11 16:42:37,21.25
2025-12-11 16:42:40,21.25
2025-12-11 16:42:42,21.25
2025-12-11 16:42:45,21.25
2025-12-11 16:42:48,21.31
2025-12-11 16:42:51,21.25
2025-12-11 16:42:54,21.25
2025-12-11 16:42:57,21.25
2025-12-11 16:42:59,21.25
2025-12-11 16:43:02,21.31
2025-12-11 16:43:05,21.25
2025-12-11 16:43:08,21.25
2025-12-11 16:43:11,21.25
2025-12-11 16:43:13,21.25
2025-12-11 16:43:16,21.25
2025-12-11 16:43:19,21.25
2025-12-11 16:43:22,21.25
2025-12-11 16:43:25,21.25
2025-12-11 16:43:27,21.25
2025-12-11 16:43:30,21.25
2025-12-11 16:43:33,21.25
2025-12-11 16:43:36,21.25
2025-12-11 16:43:39,21.25
2025-12-11 16:43:42,21.25
2025-12-11 16:43:44,21.25
2025-12-11 16:43:47,21.25
2025-12-11 16:43:50,21.25
2025-12-11 16:43:53,21.25
2025-12-11 16:43:56,21.25
2025-12-11 16:43:58,21.25
2025-12-11 16:44:01,21.25
2025-12-11 16:44:04,21.31
2025-12-11 16:44:07,21.25
2025-12-11 16:44:10,21.25
2025-12-11 16:44:13,21.25
2025-12-11 16:44:15,21.25
2025-12-11 16:44:18,21.25
2025-12-11 16:44:21,21.25
2025-12-11 16:44:24,21.25
2025-12-11 16:44:27,21.25
2025-12-11 16:44:29,21.25
2025-12-11 16:44:32,21.25
2025-12-11 16:44:35,21.25
2025-12-11 16:44:38,21.25
2025-12-11 16:44:41,21.25
2025-12-11 16:44:44,21.25
2025-12-11 16:44:46,21.25
2025-12-11 16:44:49,21.25
2025-12-11 16:44:52,21.25
2025-12-11 16:44:55,21.25
2025-12-11 16:44:58,21.25
2025-12-11 16:45:00,21.25
2025-12-11 16:45:03,21.25
2025-12-11 16:45:06,21.25
2025-12-11 16:45:09,21.19
2025-12-11 16:45:12,21.25
2025-12-11 16:45:14,21.25
2025-12-11 16:45:17,21.19
2025-12-11 16:45:20,21.25
2025-12-11 16:45:23,21.19
2025-12-11 16:45:26,21.25
2025-12-11 16:45:29,21.25
2025-12-11 16:45:31,21.25
2025-12-11 16:45:34,21.25
2025-12-11 16:45:37,21.25
2025-12-11 16:45:40,21.19
2025-12-11 16:45:43,21.19
2025-12-11 16:45:45,21.25
2025-12-11 16:45:48,21.19
2025-12-11 16:45:51,21.19
2025-12-11 16:45:54,21.25
2025-12-11 16:45:57,21.25
2025-12-11 16:46:00,21.25
2025-12-11 16:46:02,21.25
2025-12-11 16:46:05,21.25
2025-12-11 16:46:08,21.25
2025-12-11 16:46:11,21.25
2025-12-11 16:46:14,21.25
2025-12-11 16:46:16,21.25
2025-12-11 16:46:19,21.19
2025-12-11 16:46:22,21.25
2025-12-11 16:46:25,21.19
2025-12-11 16:46:28,21.25
2025-12-11 16:46:31,21.25
2025-12-11 16:46:33,21.25
2025-12-11 16:46:36,21.25
2025-12-11 16:46:39,21.25
2025-12-11 16:46:42,21.25
2025-12-11 16:46:45,21.25
2025-12-11 16:46:47,21.25
2025-12-11 16:46:50,21.25
2025-12-11 16:46:53,21.25
2025-12-11 16:46:56,21.19
2025-12-11 16:46:59,21.19
2025-12-11 16:47:01,21.19
2025-12-11 16:47:04,21.25
2025-12-11 16:47:07,21.19
2025-12-11 16:47:10,21.19
2025-12-11 16:47:13,21.19
2025-12-11 16:47:16,21.25
2025-12-11 16:47:18,21.19
2025-12-11 16:47:21,21.25
2025-12-11 16:47:24,21.25
2025-12-11 16:47:27,21.19
2025-12-11 16:47:30,21.25
2025-12-11 16:47:32,21.19
2025-12-11 16:47:35,21.25
2025-12-11 16:47:38,21.25
2025-12-11 16:47:41,21.19
2025-12-11 16:47:44,21.25
2025-12-11 16:47:47,21.25
2025-12-11 16:47:49,21.25
2025-12-11 16:47:52,21.25
2025-12-11 16:47:55,21.19
2025-12-11 16:47:58,21.25
2025-12-11 16:48:01,21.19
2025-12-11 16:48:03,21.19
2025-12-11 16:48:06,21.19
2025-12-11 16:48:09,21.25
2025-12-11 16:48:12,21.25
2025-12-11 16:48:15,21.19
2025-12-11 16:48:18,21.25
2025-12-11 16:48:20,21.25
2025-12-11 16:48:23,21.19
2025-12-11 16:48:26,21.25
2025-12-11 16:48:29,21.25
2025-12-11 16:48:32,0.00
2025-12-11 16:48:34,0.00
2025-12-11 16:48:37,0.00
2025-12-11 16:48:40,0.00
2025-12-11 16:48:42,0.00
2025-12-11 16:48:45,0.00
2025-12-11 16:48:47,0.00
2025-12-11 16:48:50,0.00
2025-12-11 16:48:53,0.00
2025-12-11 16:48:55,0.00
2025-12-11 16:48:57,0.00
2025-12-11 16:48:59,0.00
2025-12-11 16:49:02,0.00
2025-12-11 16:49:05,0.00
2025-12-11 16:49:08,0.00
2025-12-11 16:49:11,0.00
2025-12-11 16:49:13,0.00
2025-12-11 16:49:16,0.00
2025-12-11 16:49:19,0.00
2025-12-11 16:49:22,0.00
2025-12-11 16:49:25,0.00
2025-12-11 16:49:27,0.00
2025-12-11 16:49:30,0.00
2025-12-11 16:49:33,0.00
2025-12-11 16:49:36,0.00
2025-12-11 16:49:39,0.00
2025-12-11 16:49:42,0.00
2025-12-11 16:49:44,0.00
2025-12-11 16:49:47,0.00
2025-12-11 16:49:50,0.00
2025-12-11 16:49:53,0.00
2025-12-11 16:49:56,0.00
2025-12-11 16:49:59,0.00
2025-12-11 16:50:01,0.00
2025-12-11 16:50:04,0.00
2025-12-11 16:50:07,0.00
2025-12-11 16:50:10,0.00
2025-12-11 16:50:13,0.00
2025-12-11 16:50:15,0.00
2025-12-11 16:50:18,0.00
2025-12-11 16:50:21,0.00
2025-12-11 16:50:23,0.00
2025-12-11 16:50:25,0.00
2025-12-11 16:50:28,0.00
2025-12-11 16:50:31,0.00
2025-12-11 16:50:33,0.00
2025-12-11 16:50:36,0.00
2025-12-11 16:50:39,0.00
2025-12-11 16:50:42,0.00
2025-12-11 16:50:45,0.00
